indice_tiempo,ica_importaciones_brasil,ica_importaciones_paraguay,ica_importaciones_uruguay,ica_importaciones_venezuela,ica_importaciones_total_mercosur,ica_importaciones_bolivia,ica_importaciones_chile,ica_importaciones_colombia,ica_importaciones_mexico,ica_importaciones_peru,ica_importaciones_alianza_pacifico,ica_importaciones_ecuador,ica_importaciones_resto_al,ica_importaciones_total_resto_al,ica_importaciones_canada,ica_importaciones_estados_unidos,ica_importaciones_alemania,ica_importaciones_austria,ica_importaciones_belgica,ica_importaciones_espana,ica_importaciones_francia,ica_importaciones_italia,ica_importaciones_paises_bajos,ica_importaciones_polonia,ica_importaciones_portugal,ica_importaciones_reino_unido,ica_importaciones_resto_ue_28,ica_importaciones_total_ue_28,ica_importaciones_suiza,ica_importaciones_india,ica_importaciones_rusia,ica_importaciones_china,ica_importaciones_corea,ica_importaciones_indonesia,ica_importaciones_japon,ica_importaciones_tailandia,ica_importaciones_taiwan,ica_importaciones_vietnam,ica_importaciones_resto_pacifico,ica_participacion_importaciones_asia_pacifico,ica_importaciones_israel,ica_importaciones_australia,ica_importaciones_nueva_zelanda,ica_importaciones_angola,ica_importaciones_argelia,ica_importaciones_egipto,ica_importaciones_marruecos,ica_importaciones_sudafrica,ica_importaciones_resto_africa,ica_importaciones_total_africa,ica_importaciones_resto_mundo,ica_importaciones_totales,ica_participacion_importaciones_aladi_total,ica_importaciones_asean,ica_importaciones_medio_oriente,ica_participacion_import_mercado_comun_centroamericano,ica_participacion_importaciones_can_total,ica_importaciones_total_nafta
1990-01-01,146.754829,8.394334,11.568842,1.973814,168.691819,56.89418,20.734998,4.909169,36.358573,3.303837,65.306577,1.542567,2.98848,295.423623,8.632142,197.321935,0.0,7.051499,6.522312,34.107145,41.056744,52.933351,11.918014,3.155633,0.726784,20.614221,184.970678,6.884975,20.048433,1.766125,0.0,5.693533,16.910888,1.478922,41.889622,0.185842,3.780272,0.0,8.592927,78.532006,1.727002,18.970925,0.353766,0.005985,0.0,0.017756,0.037992,0.0,1.17412,1.235853,105.816625,914.799113,293.990131,10.257691,1.849724,0.042533,66.649753,242.31265
1990-04-01,141.454929,7.927876,14.743164,1.661742,165.787711,58.983025,15.352339,5.953568,13.457676,2.747234,37.510817,2.746254,5.09044,270.118247,3.621388,166.687982,0.0,4.762113,8.222907,20.286413,45.385845,51.056617,8.413266,4.618778,0.300842,26.127941,177.041686,7.866964,17.458242,1.958308,0.0,6.258268,18.943693,2.410756,33.976041,0.158374,4.486105,0.0,6.570146,72.803383,1.56898,7.990121,0.19821,0.0,0.0,0.0,0.020068,0.0,0.656342,0.67641,126.15213,846.275087,266.211123,9.139276,1.594683,0.030379,70.430081,183.767046
1990-07-01,168.952826,13.701164,18.488748,2.944189,204.086927,55.789137,21.565165,8.177014,27.680652,1.991279,59.41411,5.805465,3.313331,328.40897,7.79696,197.32852,0.0,6.126503,11.770538,22.98959,43.802608,56.006223,12.599551,1.223618,0.843256,19.980256,188.757702,13.415559,23.367882,1.450379,0.0,9.87668,13.017151,1.920039,41.276335,0.156761,5.460856,0.0,9.705748,81.41357,2.832086,5.552096,0.052686,0.0,0.0,0.019022,0.564593,0.0,0.60281,1.186425,113.787853,951.935129,327.457159,11.782548,3.16664,0.234826,71.762895,232.806132
1990-10-01,257.984385,9.731464,33.729868,1.455058,302.900775,64.184962,37.793411,8.170102,39.348055,3.647649,88.959217,7.482652,5.994369,469.521975,12.083899,243.641373,54.396392,8.581906,11.006627,33.815298,43.493462,53.465779,16.066071,7.839106,1.090005,27.951268,277.778409,20.072495,23.60922,2.529837,0.0,19.110447,38.815862,2.657118,64.083353,0.352977,12.002113,0.0,13.684894,150.706764,2.455392,56.905923,0.267144,0.028362,0.0,0.028196,0.251398,0.0,1.302502,1.610458,122.545279,1363.655673,468.360073,16.694989,14.772324,0.187758,83.485365,295.073327
1991-01-01,206.515432,5.929106,24.952948,1.167805,238.565291,69.84351,32.754945,4.257184,43.658481,7.514841,88.185451,7.160738,5.570801,409.325791,9.072489,225.521932,126.00747,8.697348,9.373563,51.18672,47.092744,66.909646,24.916128,4.579369,0.554824,31.081712,386.522704,16.12318,22.259435,2.30639,0.0,20.157706,28.659767,1.693251,72.833745,0.666741,13.55592,0.0,7.555453,145.122583,2.710575,6.408959,0.271539,0.0,0.0,0.021566,0.323908,8.43244,38.265652,47.043566,44.003936,1300.569899,405.642021,9.915445,2.76367,0.232254,88.776273,278.252902
1991-04-01,286.287095,8.434942,40.619179,2.553958,337.895174,66.582625,48.306539,6.881155,36.744222,6.820523,98.752439,4.430656,8.057954,515.718848,19.847073,343.217971,121.823128,10.488199,12.414936,43.013165,54.888833,80.066259,19.341966,3.119384,0.971407,42.47341,415.639025,27.038338,29.533768,3.97318,0.0,40.73485,46.876492,2.930535,153.765448,1.842291,24.826236,0.014566,16.417017,287.407435,3.473223,37.213719,0.752608,0.022487,0.0,0.037063,0.0,9.835433,4.299696,14.194679,71.998136,1742.969665,511.412826,21.204409,4.141233,0.740005,84.714959,399.809266
1991-07-01,440.098788,9.350358,46.231909,15.812397,511.493452,56.719689,70.198882,6.67736,48.05901,23.221911,148.157163,4.297616,15.32387,735.99179,15.767856,419.978545,150.261444,10.203418,16.143497,49.962309,87.260714,111.241494,49.915297,5.35185,2.129312,54.063049,567.605526,31.073142,35.3246,4.90745,0.0,63.546888,62.652041,3.44612,134.516189,2.720972,36.505931,0.132308,19.571689,323.092138,7.245902,28.422271,12.549094,0.0,0.0,0.144063,0.526776,10.785315,10.045925,21.502079,103.86844,2276.255691,724.179213,25.871089,7.363563,0.828296,90.916576,483.746925
1991-10-01,598.960523,16.639854,54.175606,4.108327,673.88431,54.325888,84.547096,16.672504,52.219969,11.784101,165.22367,10.015868,11.791524,915.24126,20.655067,482.256148,227.397646,9.662933,19.949817,57.256556,110.991038,117.983023,27.814742,4.415462,3.24555,71.98238,686.594873,35.895726,32.944488,7.663847,0.0,116.220195,135.941122,5.144574,241.02247,5.068689,62.183611,0.096939,28.317583,593.995183,6.40426,24.326891,6.18403,0.004421,0.0,0.07757,0.505562,26.517185,5.236891,32.341629,146.868003,2955.475679,908.050158,38.634312,7.016554,1.726591,92.798361,555.131184
1992-01-01,675.351925,16.807932,55.356784,5.204514,752.721155,47.74711,79.346152,8.979573,53.750163,6.26302,148.338908,8.472368,13.466375,970.745916,21.397725,460.315322,199.829389,15.681542,20.06355,72.944123,113.724564,144.612049,27.09262,6.001709,1.756959,51.063029,693.373414,40.60388,37.430954,7.661926,7.13154,103.282648,125.136945,4.525507,207.925149,4.013077,53.24352,0.0,25.944132,524.070978,8.178777,5.583613,6.667856,0.0,0.004427,0.085845,0.728068,18.74851,0.998293,20.565143,124.348681,2887.471845,961.124234,34.482716,8.682802,1.943,71.462071,535.450131
1992-04-01,806.157519,12.680793,67.255808,6.957095,893.051215,37.239187,97.431294,25.101811,46.125846,37.310943,205.969894,9.649389,13.28125,1159.190935,26.12436,553.729624,209.390833,12.165205,27.424486,116.298998,182.549809,179.585949,31.406735,13.902232,2.5091,59.080938,878.719314,44.405029,46.965427,7.172803,12.643968,132.686477,160.4768,4.67356,252.879417,4.911591,58.007472,0.001654,37.787282,651.424253,10.18291,11.999327,21.431031,0.0,0.004752,0.077027,0.74617,23.813278,1.127748,25.768975,176.283529,3581.636456,1150.065469,47.393884,10.413159,2.267887,109.30133,625.957598
1992-07-01,1001.750275,17.315668,64.331567,5.502933,1088.900443,26.233094,113.279748,37.72163,54.251505,39.201327,244.45421,9.613457,10.953108,1380.154312,25.781366,661.757169,290.038225,15.133816,22.127563,116.03021,190.998686,256.301956,45.327313,10.607262,2.335326,87.210212,1099.136583,63.026014,60.759363,10.420069,20.329882,160.366937,163.782122,8.19082,351.062962,6.431108,77.332061,0.056114,44.741276,811.9634,10.387887,23.895235,9.073262,0.0,0.015345,0.316364,0.7058,25.755975,4.689429,31.482913,209.612792,4354.754233,1372.393834,59.45294,27.271334,2.23322,112.769508,741.685689
1992-10-01,883.335459,15.552956,60.428666,7.898975,967.216056,24.571216,104.833982,8.597895,53.007412,4.606486,171.045775,14.32437,26.114624,1203.272041,25.665678,793.114162,232.353289,15.575736,24.816738,101.352585,209.268787,198.528135,35.610172,11.61451,2.277648,89.314887,985.563303,64.850816,45.545291,11.882589,8.585812,191.078401,120.449873,8.071458,282.85887,6.576157,77.979755,0.027487,50.633644,737.675645,12.304403,32.152117,6.240269,0.0,0.000465,0.261788,1.141452,19.082814,2.574438,23.060957,162.829367,4047.891634,1181.56887,65.338424,13.441907,3.919598,52.099967,871.411497
1993-01-01,710.733313,15.392947,57.142054,4.8082,788.076514,21.397495,95.531236,8.205495,53.188743,5.058938,161.984412,13.727036,17.045302,1002.230759,21.755493,553.014492,224.214601,13.226215,19.618075,88.470013,186.562934,215.680388,26.77483,3.808877,1.929048,79.966373,915.50733,55.255976,42.817646,9.041946,5.607866,117.553357,117.643336,6.336643,223.47526,7.936651,55.128139,0.081965,32.121749,560.2771,6.370851,13.827018,3.821577,0.0,0.017861,0.241798,0.506776,14.234009,0.819388,15.819832,109.089779,3259.181689,988.759616,46.477188,6.507103,1.420862,48.388964,627.958728
1993-04-01,863.002917,17.674015,71.394762,4.949063,957.020757,27.201426,123.513689,8.771581,53.855279,9.527433,195.667982,13.625444,14.800319,1208.315928,19.379229,682.09451,220.97036,14.835441,24.958506,108.607783,214.677947,254.479884,30.585493,5.101052,3.623266,79.437238,1013.932894,56.655924,44.603868,8.197315,11.880256,159.991486,134.155672,11.148904,234.963675,7.723161,62.219448,0.237316,43.605643,654.045305,8.649895,17.89219,8.067254,0.0,0.0,0.22947,0.629003,23.450888,0.762315,25.071676,168.264819,3870.395139,1198.733057,62.715024,9.017265,2.242108,59.125884,755.329018
1993-07-01,1057.077109,17.578995,73.200488,20.238984,1168.095576,29.447319,132.228612,19.675761,53.177334,5.428968,210.510675,16.642175,14.001173,1438.696918,40.269923,853.021352,214.578427,24.272411,24.178083,132.517533,247.949822,305.861973,44.462006,10.535896,3.906088,97.958824,1179.468962,73.247899,51.966658,9.92147,16.756383,194.248148,166.023139,11.186814,295.121288,11.194831,70.546754,0.061492,46.686951,795.069417,10.713434,11.202094,7.252001,0.0,4.652181,0.883052,1.117129,33.230373,12.738531,52.621266,193.188916,4660.148794,1428.695059,69.130088,11.275908,3.723174,71.194223,946.468609
1993-10-01,1033.052529,16.802043,95.636858,7.71668,1153.20811,28.013884,121.238331,7.815462,76.842013,5.261294,211.1571,22.123172,20.689593,1435.191859,41.775702,988.097866,228.349234,25.634867,27.500237,177.915503,283.559632,292.547826,33.137076,7.099667,5.423251,119.956038,1289.977941,88.85461,63.833782,14.976214,23.192055,250.470285,166.774224,11.728733,285.024735,14.112676,71.762433,0.000208,62.256069,862.129363,12.348125,30.631948,2.916353,0.0,0.0,0.353282,1.0564,25.35986,8.159561,34.929103,193.786994,4993.787305,1419.616807,88.097686,12.960196,1.956949,63.213812,1106.714813
1994-01-01,976.461683,12.768251,78.581893,6.338931,1074.150758,25.680377,107.834391,14.937999,53.624369,2.538714,178.935473,25.641373,24.246334,1328.654315,35.468148,1182.434601,276.974915,16.774076,27.972888,153.425812,283.240706,335.958333,34.359374,7.199977,5.178147,136.452365,1352.936593,75.4,54.5752,13.136224,17.458286,172.343199,157.226379,13.45893,235.34242,11.536393,74.467293,0.134376,48.048609,712.557599,11.878638,22.498803,3.853061,0.0,0.01303,0.917018,0.42941,17.491157,10.622496,29.473111,150.197621,4915.1222,1319.927539,73.178308,12.189182,1.162628,68.798463,1271.527118
1994-04-01,1111.247037,15.391939,88.053016,17.52376,1232.215752,34.278483,141.157127,11.654787,79.943915,5.186381,237.94221,23.78323,37.937389,1566.157064,48.906597,952.257978,320.108953,20.704911,31.740067,197.62821,345.846779,411.2965,41.700441,5.920692,11.535475,144.385946,1615.913052,85.045078,59.841622,14.409261,28.956674,221.097617,143.784251,18.437885,249.798259,11.227588,80.551893,0.302544,57.024854,782.224891,13.667119,22.843858,6.792824,0.0,0.000468,0.4045,0.295727,22.871108,5.504758,29.076561,187.521572,5328.569073,1557.80269,86.99408,14.203678,3.803614,74.902881,1081.102444
1994-07-01,1143.735795,15.760642,129.713185,10.379016,1299.588638,38.906263,146.26568,18.374052,57.08773,7.014843,228.742305,18.348013,28.665401,1614.25062,42.944518,1010.805642,330.915058,26.27352,38.400511,179.780571,513.141313,445.637874,40.943653,9.404172,19.118473,138.899184,1841.405152,98.890823,74.475688,17.960067,24.723347,209.075623,146.564113,16.508905,250.816551,12.242561,76.576012,0.22443,72.125491,784.133686,14.669952,14.805253,5.236178,0.0,6.531583,0.761493,0.528077,28.389955,34.409932,70.62104,128.779892,5644.811035,1604.739438,101.101524,27.479761,4.594436,82.643171,1110.834943
1994-10-01,1093.629974,19.380615,99.084898,8.160849,1220.256336,34.462848,145.863492,15.300451,76.112567,9.591278,246.867788,24.983552,18.934942,1545.505466,52.360616,1185.086118,347.047753,25.294619,56.97297,238.754116,471.301752,397.203268,58.327555,5.903255,22.509553,147.724178,1874.2959,103.256881,64.692722,21.204194,16.876554,235.147615,122.943308,15.253433,250.315767,12.682825,76.576435,0.400623,61.417739,774.737745,17.943876,9.438102,2.99145,0.001303,7.813166,0.458663,0.515517,30.438392,20.896007,60.123048,76.497279,5701.75307,1534.621318,89.75462,18.413619,2.676464,84.338129,1313.559301
1995-01-01,1021.54303,31.638716,83.761992,13.528545,1150.472283,31.718824,137.818133,16.816357,92.39853600000001,7.027225,254.060251,25.729333,12.874466,1474.855157,59.027894,1123.415553,323.777642,19.16205,50.51329,220.263227,285.056004,356.278597,44.951895,6.723453,21.888982,171.363908,1593.100866,93.121818,56.531159,18.397382,37.350969,171.840527,117.123157,14.503024,199.725074,15.018114,61.681059,0.463878,56.628721,636.983554,15.947835,40.905827,10.876742,0.0,12.958265,0.356112,5.748388,26.721657,26.926522,72.710944,97.965034,5238.068916,1470.232894,86.613737,16.120897,0.887106,81.291739,1274.841917
1995-04-01,1012.65093,28.030755,65.962796,17.461767,1124.106248,33.083703,122.849023,12.271987,113.995926,8.472037,257.588973,25.056778,7.665826,1447.501528,53.793933,951.314673,312.172552,23.762598,57.12702,248.629942,254.891914,308.902638,75.326991,6.926197,14.838284,145.106388,1547.413788,99.729264,51.271641,10.868998,20.523446,152.865064,80.839276,16.427533,148.812094,10.9534,49.479944,0.596878,59.251899,519.226088,11.905091,33.437689,7.262754,3.085987,5.606164,0.402826,0.494747,30.784475,6.845691,47.21989,78.369821,4780.10934,1444.489677,87.244249,18.281277,1.101607,78.884505,1119.104532
1995-07-01,1087.855325,34.654011,63.051441,11.886732,1197.447509,36.625441,112.764961,11.350446,86.975927,11.628102,222.719436,21.31655,9.878262,1487.987198,87.317936,970.896645,305.552338,26.054683,77.024043,227.644243,246.443275,283.169568,51.184076,5.045707,9.80767,141.637662,1487.929519,114.366254,64.387497,16.116153,17.804128,166.098096,91.879882,19.747346,172.595667,10.648684,58.188762,0.962651,54.820734,574.941822,18.2149,26.951142,4.953394,2.734726,0.006497,0.300733,0.342246,25.628439,34.013796,63.026437,96.636438,4917.163209,1480.839708,86.19573,20.255912,1.779664,80.920539,1145.188296
1995-10-01,1053.926845,45.517454,74.111875,3.406916,1176.96309,33.683795,140.382666,10.488177,83.054038,6.736543,240.661424,28.714994,18.607054,1498.630357,73.389204,1131.686787,309.154107,22.561253,39.405958,233.195684,253.175935,310.588606,48.683339,5.408069,8.049104,188.208267,1525.27721,106.846888,63.36308,16.970456,9.963442,193.438352,72.302339,18.250384,189.689724,15.16219,59.578732,1.109145,49.902533,599.433399,16.096299,20.500031,5.973503,0.0,0.000222,0.273627,0.414403,41.340416,30.749198,72.777866,152.279393,5186.341027,1486.392791,84.424295,25.018821,1.692896,79.623509,1288.130029
1996-01-01,1091.435557,40.104308,67.785277,14.960833,1214.285975,30.87195,124.306247,10.038275,87.901214,5.225393,227.471129,24.635832,19.912085,1517.176971,55.038967,1038.126307,294.339652,17.829522,45.469222,247.426609,243.658955,289.355871,46.934605,6.034579,13.582724,205.823531,1538.288291,127.833021,53.829095,15.293783,25.487535,143.923717,74.296183,17.756503,151.443934,15.552809,68.707976,1.150764,40.776023,513.607909,19.002779,21.385102,6.200466,0.0,0.0,0.230444,1.764182,28.210592,14.129049,44.334267,137.93684,4985.708312,1501.48938,75.25231,25.37772,3.633172,70.77145,1181.066488
1996-04-01,1297.986617,40.769669,82.519058,38.125246,1459.40059,33.730298,136.859719,11.474315,134.766752,7.168986,290.269772,22.446765,22.624841,1828.472266,57.231393,1196.238387,312.610622,25.600214,59.366585,270.222339,234.84393,353.412468,60.846561,9.002585,5.24522,165.792072,1614.292497,117.349901,63.018316,17.897526,29.113004,186.010773,98.623325,20.411536,163.820381,15.26963,68.579524,1.049552,54.409154,608.173875,17.019732,18.811476,2.696556,0.0,13.60669,0.345217,5.28829,18.766649,39.412213,77.419059,195.180247,5725.564334,1809.201911,91.166319,25.133027,1.776624,74.820364,1388.236532
1996-07-01,1523.460522,49.092277,71.173163,55.157614,1698.883576,38.63198,136.128043,13.464069,174.191182,8.696886,332.48018,32.384022,16.454361,2118.834119,80.556879,1234.22516,398.676346,29.003439,61.310069,257.408305,353.112846,465.233779,75.739432,6.671139,6.979556,169.652782,1958.932398,135.144705,76.874375,22.488468,22.65815,216.526908,125.828821,18.658649,197.089735,17.853148,78.493282,1.341534,69.134067,724.926144,24.104252,33.425918,9.001162,0.0,11.751134,0.222065,10.574173,34.628934,36.387348,93.563654,179.827611,6579.41829,2108.304959,107.006216,25.05469,7.337131,93.176957,1488.973221
1996-10-01,1414.236145,52.145248,78.352319,3.617679,1548.351391,33.05953,162.089415,13.99081,144.145301,15.944286,336.169812,29.252887,20.112419,1966.946039,82.602282,1250.851443,421.716102,28.130367,56.43638,288.51799,349.197512,395.489527,50.631456,9.790428,9.17452,178.245711,1970.096755,182.766762,75.122812,25.878989,19.420096,241.031809,129.340536,21.756255,212.951286,22.852541,83.864475,2.114251,75.897442,789.808595,31.156172,22.749428,8.020226,0.0,0.006711,0.410633,0.610168,23.423051,36.988056,61.438619,167.0265,6471.117956,1957.461657,122.620489,40.199348,2.563719,92.247513,1477.599026
1997-01-01,1369.490552,50.393041,73.908845,9.861533,1503.653971,23.744046,143.13726,12.603153,135.770074,21.639634,313.150121,28.254109,12.128397,1880.930644,75.564638,1375.15095,405.778442,40.278761,49.624435,284.296377,338.992264,407.266237,49.655436,8.674397,14.084683,198.625344,1966.495329,169.218953,50.62904,25.119929,19.205171,183.107546,127.42621,26.134725,207.065181,24.625628,89.991614,2.00366,63.527447,723.882011,26.771063,40.493986,18.259664,5.65663,9.264531,0.321031,1.842725,23.984985,46.612932,87.682834,202.880058,6493.065317,1883.729423,116.329636,28.778426,2.161599,86.240942,1586.485662
1997-04-01,1725.886674,89.919249,86.683696,18.676315,1921.165934,29.538709,160.691067,16.110265,158.766182,11.555557,347.123071,25.47715,24.658056,2347.96292,99.513216,1473.697211,417.054934,39.625708,69.812415,337.734722,328.835185,495.130682,74.189223,12.317584,13.27593,190.980604,2180.097361,201.140374,80.585867,27.545573,47.587381,245.329203,159.788663,23.551008,252.275005,18.151076,90.868993,2.721237,79.705136,872.390321,30.822485,16.124623,5.161788,0.0,6.893317,1.122279,8.496778,26.992706,60.473801,103.978881,234.211187,7519.678814,2329.5033,124.499178,47.276695,1.947683,82.681681,1731.976609
1997-07-01,1916.90149,104.41762,97.610912,12.061645,2130.991667,44.895743,193.481419,26.65503,158.611246,8.462163,387.209858,27.293653,16.917979,2607.3089,134.387774,1519.074103,417.434079,40.432309,96.084662,328.68372,315.188441,443.667285,77.354636,10.631037,14.04273,244.555628,2199.220081,211.145554,71.287933,34.296184,38.853392,297.919857,201.997132,28.499708,363.355731,28.554411,108.444445,3.183243,114.746676,1146.701203,38.356791,28.589036,7.725611,0.0,4.807939,0.760774,1.005117,33.28614,28.388365,68.248335,300.29113,8194.340473,2597.739556,175.325927,51.232013,3.080559,107.306589,1811.995474
1997-10-01,1903.698323,74.86688,118.919821,21.718997,2119.204021,37.641303,190.211104,33.388159,156.965592,8.140327,388.705182,30.402512,30.295279,2606.248297,140.715759,1690.690758,414.686844,23.119209,75.899199,304.882831,391.450377,401.271128,61.378956,24.120612,12.235105,252.929188,2182.855918,220.882469,79.371868,41.014026,23.189248,351.42875,152.048543,40.903899,327.169957,46.457685,106.788945,4.212791,99.327272,1128.337842,50.167131,18.31407,7.631224,0.0,12.79964,1.433269,5.106944,25.184922,25.515882,70.040657,204.522556,8243.099354,2594.388106,191.118821,50.882901,3.270799,109.572301,1987.921444
1998-01-01,1688.009164,77.951831,121.682503,5.836941,1893.480439,37.817907,164.712783,38.314814,147.333649,9.575261,359.936507,23.391076,17.782027,2332.407956,89.819503,1670.283545,403.191767,31.439275,59.305423,315.796376,356.743252,385.93869,60.833804,13.362968,9.331105,223.199485,2055.114923,195.972778,61.539156,36.944286,30.024822,239.312745,152.061973,26.102436,359.938783,28.122506,92.288931,3.99646,84.043634,985.867468,22.039209,16.951137,4.399268,0.0,6.086058,0.459056,0.747874,32.20258,18.516755,58.012323,171.678429,7535.082025,2324.841561,142.304693,22.686029,3.181496,109.099058,1907.436376
1998-04-01,1880.006617,121.483973,132.329196,25.796002,2159.615788,25.853485,185.227605,25.910542,146.31471,8.544369,365.997226,22.925057,20.173363,2594.564919,114.823387,1568.112982,482.035421,38.092665,77.398238,318.740711,390.190574,420.584026,60.782735,15.115412,14.086914,238.696374,2278.005106,222.282036,85.548705,32.239246,37.007551,300.891125,181.930372,34.641407,435.664254,32.152475,101.566052,4.571204,108.340399,1199.757288,20.781595,25.765775,3.778848,0.0,5.874659,1.772212,3.896796,21.634172,10.999895,44.177734,183.735083,8188.298219,2582.099683,180.06791,37.894868,2.732406,83.233453,1828.412
1998-07-01,1920.235447,83.497758,158.54049,13.598144,2175.871839,27.645423,186.57379,21.073822,156.100096,7.724772,371.47248,24.010809,19.581031,2618.581582,98.473661,1553.594308,510.478254,40.236376,72.173915,348.84113,455.224002,457.40414,57.009085,11.004411,30.431983,196.470486,2398.169921,218.896139,115.707121,35.174392,68.047346,371.940752,188.450899,35.184369,343.687061,35.547729,114.032479,6.95819,99.927583,1195.729062,29.268411,25.069471,5.496243,0.0,14.417908,0.279198,2.77364,34.754338,21.724628,73.949712,211.214365,8428.475595,2607.266444,178.791809,49.265095,3.63832,80.454826,1807.460712
1998-10-01,1572.302482,64.696,118.351989,13.086347,1768.436818,24.077424,171.042464,29.743548,153.574507,6.542109,360.902628,32.674004,19.367838,2205.458712,81.796159,1384.6011,480.388764,30.808057,80.526442,301.796184,380.372282,341.049949,66.65498,14.448814,15.48717,219.76066,2090.900327,159.607025,85.384487,36.765146,42.253972,314.524963,127.960615,38.419162,313.627648,37.457283,96.75153,5.520413,85.377625,1019.639239,34.812495,34.001583,7.352902,0.0,0.0,1.338786,0.882277,22.068111,17.272878,41.562052,160.976258,7225.504432,2194.439349,166.786856,44.137626,3.971452,93.037085,1619.84728
1999-01-01,1254.922004,70.144763,97.722837,28.385754,1451.175358,16.704022,145.799485,11.539716,98.597624,5.793922,261.730747,27.294759,16.755557,1773.660443,77.235719,1108.575142,365.472953,21.150933,62.730143,251.978791,271.140783,319.618266,79.061258,11.651862,10.097951,190.048476,1721.484137,138.532721,56.996717,28.506117,32.668877,229.635252,118.701767,27.157319,257.334232,31.768853,80.374905,3.726018,61.362155,810.060501,23.837774,24.646503,5.95472,0.0,0.0,0.479441,0.828134,17.530767,15.603668,34.44201,142.155532,5840.224192,1763.902816,124.301031,27.709108,3.540433,61.332419,1284.380264
1999-04-01,1341.835968,92.069581,99.257205,6.575286,1539.73804,7.736447,159.683435,14.738078,105.61220900000001,5.592807,285.626529,21.645318,16.440074,1871.186408,84.123567,1137.071782,326.090307,20.190121,57.330203,215.041671,406.489627,330.657203,63.289385,9.470667,11.310416,196.493441,1761.700032,125.336991,59.640063,25.040714,58.530026,231.097284,129.053655,25.224996,259.444542,29.443503,67.935985,3.559239,69.727081,815.486285,21.443203,12.981547,4.292194,0.0,2.039766,1.45595,0.417114,17.903447,20.178346,41.994623,123.069067,6016.559511,1860.200509,128.978297,29.849756,2.317572,49.71265,1326.807558
1999-07-01,1410.673532,76.508468,94.228012,31.090112,1612.500124,9.454082,157.18337,14.609416,120.934541,6.889459,299.616786,27.655174,25.121704,1974.34787,59.492947,1360.384725,361.297715,24.090677,69.838133,265.426173,487.562577,403.449516,72.066904,5.31809,9.816449,167.438246,2015.861512,149.557032,89.178011,30.542098,50.700783,259.212304,182.539348,31.088738,277.69881,35.450571,71.405044,3.45644,87.8155,948.666755,36.136466,23.491499,4.504663,0.0,0.169571,2.961986,3.141481,27.49408,38.500091,72.267209,177.370632,6842.94517,1958.08148,158.19909,48.533672,1.435592,58.608131,1540.812213
1999-10-01,1591.529453,65.344052,104.562666,13.25649,1774.692661,6.165731,175.872841,14.479735,165.508984,10.552834,366.414394,30.582187,20.151075,2198.006048,69.200167,1335.590352,356.498813,19.214871,69.286067,267.448494,337.32733,300.90892,59.736241,9.526181,10.435422,253.995354,1813.532479,129.154786,88.690213,32.372015,31.251297,331.230029,133.529555,31.930551,273.905997,36.928933,79.553676,3.467085,74.044793,964.590619,28.596585,25.627035,5.307185,0.0,10.043702,3.854724,1.044397,30.530174,11.750513,57.22351,158.440998,6808.428503,2187.603756,149.519789,38.186009,2.23938,61.780487,1570.298151
2000-01-01,1384.044944,55.575117,98.989275,3.419114,1542.02845,4.74134,142.950264,14.120978,130.24857,5.971047,293.290859,31.670452,14.923016,1886.654117,67.875149,1162.454823,309.50895,22.903923,56.198814,220.629801,228.1016,266.197889,47.793985,7.203533,9.840895,220.227584,1508.503612,119.896638,56.074769,29.711848,20.645859,254.70359,119.557329,28.502394,221.246116,28.250096,68.65476,3.176153,62.215732,786.30617,26.692752,14.006254,3.819576,0.0,1.729519,0.606397,0.27159,21.955844,94.338934,118.902284,194.624012,5876.271225,1879.402515,123.445819,46.530667,1.779542,56.503817,1360.578542
2000-04-01,1613.294065,94.406832,116.579679,6.647855,1830.928431,4.329664,144.930521,14.590181,146.898141,11.13539,317.554233,27.054088,19.533178,2199.399594,70.614132,1207.383537,359.924067,19.123344,51.352678,234.553032,251.30562,250.579672,45.351508,8.137262,10.41633,168.773869,1506.080425,106.563043,59.250527,30.937196,33.518831,278.304574,126.577165,29.034701,217.780783,22.901532,70.822039,2.773645,83.081705,831.276144,23.853182,15.220419,4.53139,0.0,11.163067,4.341122,0.302215,17.833355,87.709608,121.349367,195.342466,6298.75721,2192.234311,138.236676,32.364323,1.329507,57.109323,1424.89581
2000-07-01,1733.303244,67.428214,113.412847,10.445254,1924.589559,4.877546,154.204503,14.244865,153.450286,6.748376,328.64803,37.453782,27.085104,2322.654021,81.478381,1191.385387,319.154383,20.309727,54.493726,218.372879,250.483784,264.523139,54.665594,10.252328,10.584251,193.369495,1506.385972,110.176666,55.438454,41.302339,48.216239,330.180849,158.791844,27.696575,272.822051,42.002619,68.947682,2.90172,89.554605,992.897945,31.426832,19.339934,4.358713,0.0,26.290812,4.725591,3.1069,23.960109,64.795094,122.878506,187.145424,6604.908147,2303.537609,162.986147,40.140182,1.599917,63.324569,1426.314054
2000-10-01,1747.803201,77.347556,97.09859,8.325272,1930.574619,6.085311,166.029688,11.858376,152.678675,4.736838,335.303577,35.466313,13.559744,2320.989564,87.116473,1208.127519,273.239784,18.81209,53.969424,230.004763,263.380014,232.20528,59.514609,4.650761,11.799914,191.108483,1451.271342,112.58622,57.074075,43.190559,10.644241,358.598977,128.223185,27.37771,294.220747,41.322743,70.364149,2.538002,78.139729,1000.785242,25.165194,22.646846,3.470269,15.365512,0.123242,1.02083,0.343227,21.392972,41.557433,79.803216,190.264092,6500.548632,2313.051854,150.136027,35.520684,1.674411,58.146838,1447.915167
2001-01-01,1461.798382,83.104297,92.659524,6.845827,1644.40803,4.730026,140.440742,21.14121,137.8102,6.876025,306.268177,34.898025,17.331484,2007.635742,63.750192,1067.983955,312.721746,22.80547,40.894378,200.566006,217.740633,242.142237,42.772985,10.80944,11.24856,178.04446,1380.868984,101.123069,54.550116,42.842734,13.298356,253.369576,114.293924,26.686166,234.612821,34.113939,61.930425,2.282217,68.151527,795.440595,24.445009,23.923478,5.32904,0.0,0.085335,1.27011,2.963472,21.335405,47.13183,72.786152,190.049528,5742.903881,1995.482067,131.899984,50.35045,1.541945,67.645286,1269.543302
2001-04-01,1589.163223,81.920536,86.152222,4.52592,1761.761901,4.039303,148.528887,11.607783,107.655991,5.009985,272.802646,29.183569,19.131195,2086.918614,63.55747,1091.831198,288.147281,22.234912,52.823751,197.344213,210.292314,222.770197,40.110885,7.012516,11.145345,139.727026,1307.756272,116.147832,53.461091,37.841594,35.199458,299.046274,108.525894,32.743054,181.93068,30.284123,64.417759,2.804772,77.9324,797.684956,21.204288,11.640678,5.046447,0.0,2.234433,0.72644,3.252245,57.509903,25.242719,88.96574,174.98971,5776.097516,2078.467379,144.299773,33.172373,3.012062,49.84064,1263.044659
2001-07-01,1271.014121,72.220896,76.950812,9.566481,1429.75231,4.668709,121.041249,10.518177,113.331813,5.786357,250.677596,24.663781,13.506085,1723.268481,45.543077,854.978121,263.30263,20.317055,47.701539,172.335417,184.742206,216.557968,39.189925,4.827716,12.131651,122.884764,1194.943795,110.952924,43.206035,34.085913,46.108813,299.711692,118.981229,25.006146,200.407736,33.433689,54.156472,2.637869,64.889146,799.223979,15.507117,15.657787,4.925093,0.0,0.187172,3.427682,0.235396,35.101162,57.346146,96.297558,149.356766,5023.102535,1718.094374,126.453389,26.130201,1.953341,45.637024,1013.853011
2001-10-01,955.786756,65.557794,73.211365,4.503241,1099.059156,7.136522,95.712631,6.616635,78.590945,3.663234,184.583445,27.998335,15.639717,1334.417175,28.674765,722.153325,187.776061,16.017007,26.911183,142.112113,122.012917,157.197281,29.708666,5.50212,7.269592,80.672743,854.448134,79.268451,35.735119,35.964703,14.350253,260.378763,67.718102,20.688322,150.304665,30.610119,49.900172,1.884219,43.453693,624.938055,14.412161,7.387352,3.912806,0.0,0.041384,2.353814,0.112283,9.546156,0.985425,13.039062,88.042343,3777.475253,1324.593142,96.84932,24.894375,1.429721,45.414726,829.419035
2002-01-01,490.830743,56.183111,29.540013,1.656021,578.209904,7.36386,44.759832,4.565441,42.463733,2.771604,94.560612,11.069823,10.396334,701.600528,20.164537,398.374069,130.212898,9.631725,18.052643,78.998247,63.452854,89.130435,20.277558,2.264014,4.442671,57.863926,524.90848,50.581512,35.200164,18.713519,0.0,100.534016,26.293864,11.269632,92.11684,11.717494,15.833247,1.319866,17.861078,276.946036,4.517546,10.33174,2.216857,0.0,0.188909,0.193745,0.084349,7.350441,14.214472,22.031916,56.224138,2071.229504,696.452096,42.372311,7.280045,0.52791,25.770728,461.002339
2002-04-01,590.144269,68.569369,30.846185,2.2212,691.781008,2.697751,35.384943,2.971008,37.866295,2.101334,78.323582,4.267572,10.974424,788.044336,16.721976,453.722976,128.959405,6.066077,21.817299,72.064878,58.957038,65.101069,18.263062,4.970215,6.153687,67.316985,499.416448,49.74675,30.257926,17.155793,0.0,60.216544,13.18432,7.170084,87.104568,5.107189,11.09307,0.282054,17.361129,201.518964,5.992422,14.505917,1.450804,0.0,0.125107,0.112891,4.06621,6.63151,19.725567,30.661285,97.242516,2156.691392,783.180852,30.649838,6.636395,0.578413,12.037665,508.311247
2002-07-01,692.515476,59.919663,31.205211,1.507654,785.148016,2.944281,51.068906,2.995255,38.542136,5.597739,98.204034,2.399447,12.087201,900.782976,15.579438,422.460954,140.974799,11.221921,21.600922,79.439351,77.016866,84.624219,17.156167,2.759491,7.332036,58.167074,546.267984,45.975125,25.904169,22.073772,4.632741,74.753256,12.01479,6.726048,73.089232,4.745872,14.437659,0.371739,19.849934,205.988528,9.131756,8.743255,1.713714,0.0,0.081599,1.284215,4.756526,10.117097,6.754067,22.993504,105.828528,2292.101312,894.743776,31.693952,10.935018,0.880096,13.936722,476.582528
2002-10-01,744.777676,70.724922,30.85861,1.931433,848.29264,2.931548,45.415593,5.849231,38.964726,3.547144,93.776694,5.601892,13.360585,963.96336,12.732035,513.98139,153.40718,9.407142,20.659416,80.654866,62.405187,72.014578,19.380014,2.125151,11.697292,59.292694,539.962576,48.919058,28.586482,30.455155,0.0,106.632584,18.102506,8.671939,61.738561,5.279628,18.511809,0.572789,23.402779,242.912592,6.202468,15.761415,1.518538,0.0,0.061479,0.286478,2.168141,8.788812,0.724151,12.029061,101.594689,2469.699712,956.842615,37.928617,19.531753,0.596172,17.929815,565.677517
2003-01-01,785.030035,71.484046,32.127213,1.392559,890.033824,3.730185,53.924911,3.275689,43.974819,3.135146,104.310564,5.301425,11.616903,1014.992896,15.376832,443.083751,144.566194,11.059075,21.145525,79.126186,66.833968,82.476051,28.667386,4.460688,7.122616,58.454576,552.547264,48.634993,29.085898,28.875851,13.553948,96.836244,65.095402,12.843205,72.064292,8.101755,23.563475,1.311298,18.716389,298.532064,6.452958,18.457229,1.053569,0.0,0.031127,0.327489,1.799104,7.838856,0.279008,10.275584,77.245772,2509.533632,1009.050193,40.991269,8.315678,0.81768,15.442445,502.435402
2003-04-01,1097.177901,88.57523,41.774956,1.677113,1229.205216,4.157261,68.292793,5.908631,51.066209,3.77512,129.042752,8.61308,22.119154,1393.137472,26.200277,549.141832,187.378605,12.61666,27.080215,96.408234,82.485387,110.719377,21.581301,6.591043,9.030651,74.960726,682.7796,53.927396,38.606822,31.960873,56.626197,160.074527,34.168804,18.534067,88.631538,11.274541,31.693524,1.214155,33.845573,379.43672,6.350909,18.142438,1.636186,0.0,0.0,1.143123,0.918517,7.092655,40.279743,49.434037,110.600935,3344.054272,1376.872774,65.055769,12.720601,1.617775,22.454092,626.408318
2003-07-01,1307.246937,72.398513,41.304436,2.815646,1423.765536,7.577469,77.616231,5.295069,54.50265,5.473735,142.887684,8.960208,18.486797,1601.677696,22.483075,626.423947,197.065035,14.867134,29.189697,98.408861,81.904264,115.364078,23.262156,8.940968,9.226888,87.560899,719.768672,53.978684,46.705973,36.781144,17.156883,207.274172,52.779,17.067021,99.933446,12.940705,33.371064,1.563583,41.443284,466.372272,12.404481,13.035027,2.100476,0.0,0.032616,0.53644,0.26562,14.335563,14.78483,29.955069,118.210167,3713.074816,1590.446449,73.24755,16.570589,1.919598,27.306481,703.246913
2003-10-01,1518.156999,62.253805,49.020709,3.03531,1632.466816,7.523743,90.001413,5.296035,88.806004,4.693766,188.797224,16.715603,18.328028,1863.831424,23.801858,619.684217,239.586999,18.597312,29.786232,118.265658,88.112801,134.298217,41.798069,7.74203,9.887748,120.05988,867.024608,58.889685,67.763849,38.536977,18.356235,278.181347,60.275955,19.771256,135.216422,22.741464,41.930435,1.996374,43.38704,603.500304,13.432958,13.302729,2.02895,5e-05,0.035159,4.932,0.204601,24.282202,2.999145,32.453157,120.394075,4284.11136,1849.565367,88.607794,13.834,1.834309,34.229147,732.29189
2004-01-01,1544.502271,80.115081,45.489106,6.587149,1676.6936,20.393749,92.989862,7.630935,91.209061,6.326022,198.15588,14.282676,17.808804,1927.33472,22.460795,838.944309,252.48177,15.99946,31.469402,119.028524,158.203953,148.881399,44.933738,10.780531,13.650533,130.123883,992.485824,66.932617,44.779155,43.145406,13.018484,231.241993,63.128321,22.914384,119.098602,20.678543,41.406746,3.160652,49.934543,551.563776,9.920933,17.826316,6.207406,0.0,0.037426,3.731876,3.826769,13.815325,9.666902,31.078298,163.599249,4662.364672,1914.995089,97.256752,13.10577,2.696631,48.633382,952.614165
2004-04-01,1871.659726,104.444928,51.664454,16.936815,2044.705856,37.887547,101.000133,9.548528,219.075912,9.085341,338.70992,13.180567,38.226363,2472.710272,35.910069,732.356455,262.965229,21.176326,34.84313,119.135021,129.636216,138.274012,40.768849,7.788972,11.110085,192.061338,1029.465856,71.706677,71.168118,33.433112,31.593927,288.587236,62.247264,24.46494,161.16951,23.444259,48.217264,2.666012,50.819074,661.615552,13.438922,15.649622,1.941081,5.5e-05,0.066207,4.478716,0.343472,32.817004,18.293943,55.999396,327.091577,5482.373888,2441.045121,102.353098,22.475596,4.150446,69.701983,987.342436
2004-07-01,2084.220151,116.625046,64.798819,6.767244,2272.411264,37.529852,94.148084,15.721001,218.847069,8.367129,337.08328,11.260659,26.551052,2684.836096,36.87964,894.46212,282.560693,20.905762,34.559709,125.822351,123.407262,162.181682,40.568494,15.620606,12.654048,146.248931,1042.362144,77.832611,69.555624,39.452193,52.930453,417.193076,89.105,31.663891,165.270532,32.520123,48.673093,2.620191,55.613382,842.659296,16.153827,16.538769,1.774292,0.0,0.072433,4.404132,0.445936,29.287883,32.891444,67.101828,261.97181,6026.678016,2663.446068,124.152142,18.731261,4.780108,72.878641,1150.188634
2004-10-01,2102.337758,79.311962,65.207939,4.185705,2251.043328,42.859132,116.317582,13.900223,228.81434,9.513842,368.545992,15.802245,29.303045,2707.553728,34.313268,923.72812,295.123529,30.09858,39.15417,152.991902,173.291921,174.066897,51.584789,8.341159,12.235372,175.285433,1207.204832,95.031079,62.522418,45.041612,28.565249,492.739253,93.19348,28.369284,166.810712,53.426817,48.294733,3.161614,60.310268,946.306144,18.485676,23.079495,2.302936,5.2e-05,0.106253,5.528092,0.309591,14.807569,5.888972,26.640529,248.120559,6273.864704,2684.293675,146.568526,25.327582,5.746494,82.075442,1185.910364
2005-01-01,2170.85548702613,119.63364609779,56.7850555892,4.35769685366,2351.631872,53.92941832247,125.62920866988,10.65054674667,158.37588179957,8.47181348872,303.127448,15.89360346793,23.46766230601,2748.049984,39.88924185176,807.26714248482,280.13205870283,24.71179087541,33.83698203941,147.08730030832,134.29516492852,175.2327160417,53.36170062638,5.99051765561,9.73021264923,163.4750531638,1103.975328,76.1218240681,51.09280688449,56.73380870311,13.56426728659,422.5701020836,77.54275617029,32.41858371783,169.67493189771,66.20446355887,49.46665052138,4.68777411134,53.52389577645,876.089152,13.75218008957,24.64672299794,2.23885366809,0.0,0.6124365375,1.07990038502,0.2296956815,15.29573678571,6.16881009727,23.3865795,205.18181648528,5965.867776,2729.849308,158.319419,14.695894,4.493562,88.945392,1003.893572
2005-04-01,2682.60458958687,120.55642247749,70.11827813121,9.6744167883,2882.953664,67.6596067061,132.82414122505,18.66557154298,171.09074929156,11.41565862094,333.99612,10.88292529305,43.17444722587,3338.666816,42.03504907261,1216.17816306736,325.73161688827,21.39873870716,44.73753831825,148.80664845312,148.2640371324,185.542896158,52.53560633056,20.73690279148,13.51150229695,280.04522945283,1326.82512,85.51438544157,70.91038711883,68.92475700616,54.10652502221,471.034076305,120.6350847185,36.25799770421,176.6578069066,75.73358288826,54.23570642729,4.44122493782,79.43352204161,1018.429024,18.74983095194,33.91382076259,1.7180159873,0.0,0.03912042188,1.015631452,7.27839973258,31.56814508578,15.93495338426,55.836249,333.20286929962,7579.496448,3302.07089,197.842361,19.266959,6.309242,108.623765,1428.149125
2005-07-01,2657.94022053709,108.77903013423,66.35814964822,7.95281447827,2841.030208,69.26741178144,152.95278918668,12.89679940405,211.82692858664,15.73980701299,393.416328,14.19129237949,26.73681634468,3344.642112,38.12926022825,940.30989780651,348.97147944938,28.17745835679,43.27007528188,144.07043877975,167.1000448075,180.77844123133,41.50610273416,13.47456417475,11.69376484147,192.61846187375,1250.586784,78.92596170049,59.97892943652,59.88042090197,80.50095683163,661.46665452474,102.82981639745,37.38466361726,228.76303061841,80.1898068978,59.73490831751,5.70505963249,92.32900194547,1268.402944,21.36298653492,35.33449533733,6.2286447034,0.0,0.0,0.77224133617,7.47695168384,38.21594268033,7.41629576478,53.881432,283.54846045205,7442.787328,3326.79221,217.440052,21.899033,6.232376,112.095323,1187.239774
2005-10-01,2781.8100154025,104.247654207,80.30486676205,10.36050399198,2976.723008,78.39236639674,137.57949634195,11.24222434508,251.93333401699,9.08127234734,409.836328,19.25339669166,51.55787993618,3535.762944,40.0522752576,1042.14123493895,348.04738951746,28.76963256277,46.46552626437,131.23957879868,133.66718159888,206.20665029523,36.72796511446,14.04081359663,18.18187079332,149.54908897749,1191.707392,78.81167082756,74.35767362305,76.41895520581,30.77248437608,715.16985778832,110.70923166155,38.32124220843,213.69838216569,98.66624862764,62.82986416252,7.58517636244,86.64329416088,1333.623296,26.07263732421,42.3755383835,3.61298104876,4.637e-05,0.00032311001,1.07325859722,4.60869054256,23.86179383926,4.85877787678,34.402891,267.43739962016,7698.737664,3493.40072,233.545255,31.497443,5.903998,117.969274,1331.725886
2006-01-01,2596.81263162628,129.13381521839,68.41329713547,3.99869791183,2798.358464,97.34293321477,140.10361261593,12.34911211827,209.11185869421,14.21024135149,375.774816,15.7585028078,24.87652785237,3312.111168,35.71686603284,953.56205133727,336.11223654175,28.75032172916,46.98586659078,148.85434710492,147.55317825857,228.83937782806,37.99656597089,42.96819079586,10.80357115409,181.70014274802,1300.139776,89.57599504386,58.77273701435,70.91928711972,25.62090324681,607.92828032273,112.66819065854,43.92790082504,197.59137079712,81.12263895683,65.92126789156,8.41207786756,78.40402299217,1195.975744,18.82481974151,46.64193203358,3.01615159495,7.878e-05,15.77193628844,0.82198766489,9.85539963543,16.01106536276,14.49967026044,56.960137,293.52083629298,7371.7824,3293.827509,213.911938,19.351084,5.879406,139.660788,1197.271635
2006-04-01,2903.42298396485,106.77375049305,82.78827513621,11.8175391457,3104.802496,77.33588753117,158.55943172734,9.32878813568,259.91165503817,11.28419056469,439.084056,13.48965266345,22.13269246492,3656.8448,50.47284258563,1003.48725069893,360.34041428189,26.87132983435,54.19386418501,148.110267408,197.71363224018,206.99294078647,53.73748018068,15.75643994015,14.69993573027,182.12597006936,1352.203488,91.66124254583,52.91546677637,66.44028220289,79.12272438465,712.63098635304,106.78109983551,44.02868465611,227.21644560197,88.30067943522,67.24234283796,9.46247268683,84.24293785237,1339.905664,20.06328876536,34.25487758962,1.95598941655,8.383e-05,0.02100444922,1.03538487337,32.8357083973,31.13335847688,5.04737154832,70.072913,502.83428688762,8230.573824,3640.301069,229.249374,20.798983,6.192324,111.438529,1313.87177
2006-07-01,3135.45980504179,123.87630516834,77.27993853975,4.75813730552,3341.374144,81.21906568889,152.6556235721,21.30847574854,307.47817077808,12.23426396073,493.676544,18.73590274505,26.2187009642,3961.224448,49.36608290759,1214.61149931059,439.54439842128,32.25886863616,76.90459627094,153.99709087894,251.79124345183,243.10226856956,66.78195011156,12.78080357024,25.81298425515,192.63974849639,1595.896256,100.28233791399,62.77560559361,83.91873736589,80.94948221083,835.49104924383,111.41165024221,48.37275065311,251.63630550943,114.75408831631,75.2207212843,9.60065110281,111.14625541566,1557.63344,29.16407315837,38.27583814573,3.00722349449,0.01438460023,0.03387090031,3.01972219975,18.9591814985,37.54275782376,4.1490999341,63.719018,562.04549528504,9302.587136,3940.769517,285.58439,40.039335,6.472585,133.497698,1571.443757
2006-10-01,3235.748670719,145.39883644513,80.96019764442,4.23282729538,3466.340544,66.71497218281,148.15146018051,12.96770707628,334.42543533426,14.00728681697,509.551888,23.51979413788,33.55625765441,4099.683328,49.66834250248,1077.26957223516,408.88398735669,30.81522160298,49.8818958171,162.18837127128,310.8141310691,229.06284070698,55.10365595639,14.04400664707,14.15575079906,227.6383352251,1607.464512,104.87627849778,85.37784693878,81.96636711514,47.99114668658,996.50056436481,108.43907045006,49.00551584488,256.39307064696,118.5936081322,70.48959890712,17.20430742134,135.19659578372,1751.822368,26.82807393865,19.03972444962,3.73744789245,0.0,6.459e-05,10.74996775782,1.76000224088,33.89065444564,0.82114878642,47.221838,350.66824137558,9248.738816,4071.929382,323.08082,35.800312,4.368513,117.209765,1460.454182
2007-01-01,3072.4377166012,242.38202615717,95.88587824293,4.88417458898,3415.58976,57.54542072498,151.39286400295,14.23260304814,287.36445597402,25.92598550377,478.915888,26.5449897724,29.32546801257,4007.921536,63.47072131428,1130.70194891326,445.97258395095,41.21902111395,56.5995926138,194.89679002963,257.78456575882,245.1275334207,46.07177429813,31.14236622973,27.84571419247,207.83198872435,1651.815552,97.32361875083,66.86321055198,81.63158423916,25.81619563654,972.33182865674,97.84373724199,45.28941118027,278.39185871268,96.16652982972,76.12055067004,10.70837328227,105.48863161377,1682.340896,24.42186691289,49.63156593528,2.9889944372,0.0,0.00239790001,0.43763330349,8.68618425486,33.5937386593,2.13914358607,44.859098,331.47042530329,9163.93344,3984.6739194,260.47520191,31.77605369,5.89842678,124.24899772,1481.53712704
2007-04-01,3427.79005176157,280.55507735627,101.99266584312,8.31387439544,3818.651648,59.61624575495,155.80479308847,22.7811957631,366.21895161358,24.75351593066,569.558464,20.86516550351,31.70642634467,4500.397952,64.91880402751,1165.20132176904,448.33940556891,36.61787027716,62.52174267843,211.92417015047,208.06416394724,243.88549432,51.14351046827,16.03780772685,16.35218580145,257.18230128756,1662.38224,110.31356312174,61.86518206984,81.61814718792,106.42213659384,1067.91832614767,116.50784988857,46.02266204047,279.32074292596,104.32021557381,72.12341929694,7.88392969714,121.99629482416,1816.093472,20.55127935583,32.25703944618,4.33873922752,0.00010685,2.46082891977,9.50022608101,15.14192827416,29.28826368932,13.01381354857,69.405167,596.50132677523,10181.953024,4475.07648443,282.73653093,23.39132958,7.59252127,128.01612124,1594.425452
2007-07-01,4042.45025039577,266.40762949991,138.88535637799,5.54958311846,4453.2928,49.99651771135,196.48285969206,20.46403393251,334.03495293822,35.06375431848,586.0456,25.96154912164,84.3436659075,5199.640192,78.39812313039,1439.10584137231,576.23614935686,36.49301275721,63.49614615522,203.22920318328,224.21534095189,285.4726375453,56.75327962459,27.24352880289,22.94158143486,314.00973816257,1939.44672,129.35605664448,72.9096955078,103.33383336565,195.98923505112,1458.99998251487,165.75618783099,55.78254165144,308.7075684753,120.47658525032,85.93887149173,15.48051218839,128.5928538752,2339.735104,37.81199319269,30.40925633912,3.1550550493,0.00237051997,16.74617341986,22.01111782724,23.21847806579,25.9309460213,7.63573536693,95.544822,1159.78603811195,12695.266048,5128.59770828,323.13874397,63.97018062,3.34274597,131.48585414,1849.0034112
2007-10-01,4117.58805428112,267.07488168559,131.02969329238,4.84831620299,4520.540928,53.75888984835,204.8042477692,33.54042999242,348.96014588321,30.27625731119,617.581072,36.63545109407,60.59131533942,5289.107712,85.8871999784,1538.54757077093,660.77776865088,36.7177343043,63.60024703428,202.59665656655,369.37849721071,296.89763486458,88.13675656516,32.88440872509,19.01264431382,317.05907504734,2195.4272,108.36580197483,85.44775631613,117.13215262438,30.50647300396,1627.94701294915,145.78227750858,67.07080279567,333.69598782422,135.30168438574,96.24109834614,17.65858315071,145.30993045356,2569.00736,42.60304845375,49.55498044859,4.20312248583,0.00075197003,5.65e-05,7.11222246766,8.70520257427,42.43937705058,3.16240657801,61.420017,597.46653700982,12666.310912,5245.42339175,367.41696151,96.10890963,6.91449011,154.21102812,1968.2650327
2008-01-01,4234.71519822197,385.83252689968,124.36790993034,4.38485792834,4749.30048,40.4417426331,204.5564971567,38.99060424447,335.54711261226,27.38736124199,606.481568,34.29324428224,46.88383588199,5477.400832,66.89157133128,1710.17948711017,608.23633320866,49.68912957206,64.844705099,234.04386351928,423.13086601201,289.66563594523,63.38504568533,24.40231833041,26.82561159508,244.60166936478,2151.1536,122.32846624719,76.43491219579,117.96601630716,126.27299268698,1519.60820211926,187.17601173474,53.75944948273,332.39166944747,104.60563041162,102.48033658533,21.90832318879,127.94550183811,2449.8752,36.67383366636,43.49830819403,2.87452031468,0.0,0.2141079437,1.65883994288,4.44235712531,35.03626522392,14.62173476266,55.973305,539.23296641293,12854.427648,5436.79111269,311.62490098,41.22158202,6.07213662,141.11295161,2106.07095901
2008-04-01,4677.39844185462,580.28536045405,140.06871909967,6.81037356671,5404.562944,34.27717475293,214.76949631077,38.42464341967,444.27174037761,29.56192590293,727.027808,30.17581259722,189.44553402835,6385.489408,88.89529223788,1609.71860669691,646.43572341016,36.60848038553,79.4330897589,279.08817598914,353.59539619874,321.07868761048,55.05511500894,31.89891007892,15.11154034091,356.11590099372,2339.866944,165.44591847098,77.17191996507,106.73832161778,187.0283457351,1804.73600667166,180.72381886741,55.09427565011,349.74875640321,129.355922323,103.30990325315,17.41773577222,155.95524605905,2796.341696,34.2814052219,86.56568735077,6.11534707595,0.00939044004,0.05877217835,14.03371340362,51.1910023592,68.92272819368,9.41563283424,143.631242,1464.18590243007,15326.030336,6204.30452334,360.08825818,50.26274073,5.17550583,132.43955742,2135.39174243
2008-07-01,5053.98286775405,540.52432931178,153.84620475828,9.56810550407,5757.921536,33.65943036649,320.05912967184,49.94574013529,418.53150444421,37.61088122102,826.147248,36.10404727853,134.44410011538,6788.276224,63.44218089881,1938.93034724721,665.58581845279,50.16283323109,85.05208156833,283.64471441255,334.65665184717,323.74247425157,60.36477640107,32.08020405874,20.84640578197,388.15812590453,2387.45248,143.1583380455,90.53438228046,144.63223885979,321.24974589733,2163.8595986676,186.77616231418,72.3572947648,355.5275569972,124.28816919623,97.37652495084,25.15818387279,163.99394756782,3189.337472,30.8612841004,57.46024258578,3.18491493611,0.0,0.06432485949,99.42614893212,10.6422632611,81.12333817983,21.38913914406,212.645216,1288.46205217058,16516.468736,6662.42847736,389.83500358,52.31938363,5.81129342,157.32009869,2413.52510027
2008-10-01,4010.66295690486,276.31391369295,121.86297245723,4.43077891804,4413.270656,40.44900615661,212.38360456881,26.68487154614,396.9804629384,25.95379213735,662.002736,38.00565370703,57.11075832777,5210.838784,98.02414137451,1678.81393913759,613.33459281999,55.62084530271,74.85364537726,257.23261188458,370.55617343074,270.15365526752,82.52769647252,42.57816495679,17.63112440323,272.03842004449,2170.315072,113.78812862281,86.1229851839,122.51007841816,69.7088704003,1655.02897220499,177.00008621089,57.86857484015,340.46382365677,125.92188533495,99.73563419758,31.98850845442,165.00388961679,2653.011328,50.25779219878,96.49385682351,3.91614309882,6.603e-05,0.0,10.49961582967,20.42812780324,35.22250906813,21.2751491152,87.425467,440.81506872694,12768.253696,5164.22130928,383.48820033,54.56244837,6.60579176,131.09332394,2151.89813674
2009-01-01,2312.00158497154,362.55214596263,83.69100200546,1.8579852071,2760.10272,61.95762027565,149.67472353961,18.43881208943,216.90970796456,16.27328668018,401.296536,30.56546463108,29.12641288954,3283.048768,55.21361087292,1160.34471141882,505.78691188125,28.78265568776,54.5072500401,170.27789941622,168.14856391089,196.16877985605,37.41041929121,13.41723453791,13.73311599035,201.60376514281,1483.011104,93.17454356657,76.01594374196,81.96275348464,0.0,1056.92119371403,174.01276284231,39.61109305286,250.26027455681,97.94421840305,61.44296880622,16.28299264289,105.38390323696,1801.859392,19.80135289906,53.57303040558,3.49088766201,0.0,0.005427,1.41967906903,0.14703315022,23.15221678757,5.09675194943,29.821107,263.55187983389,8311.694336,3261.1130105,260.89946904,23.49217689,8.10887814,127.23518282,1423.42279818
2009-04-01,2796.38365419486,134.20516600107,85.99331764029,3.59441924565,3020.176512,57.65416293461,159.13851185687,29.36113396724,279.30145900617,12.23198820479,480.033104,26.12199091621,166.57946424588,3750.565248,88.90133231416,1183.93408699753,414.61673671001,27.18378548581,39.73464100908,174.72758486343,204.32923662669,186.55477553511,73.72471596893,14.46680395095,13.71021711549,182.84686629258,1409.49152,77.59616790279,93.70289823423,76.3870908896,0.0,1088.05143351671,130.31990892372,38.01950867874,214.68881794043,99.09253878916,62.71498904022,18.19669664025,108.29084155248,1759.37472,17.17329655331,51.4487033699,2.30373499814,0.0,0.00025364999,1.42277225448,3.07173308156,26.80074439255,1.72413166905,33.0196355,589.252011368,9055.554304,3594.04852975,266.51994595,20.05243205,9.02169756,125.36927587,1549.14837518
2009-07-01,3248.02278484306,92.27155458524,87.91390760914,2.38722584747,3430.595584,56.2910298796,158.33850399626,30.83368808971,312.09897237031,24.19488671428,525.466032,34.50851039954,120.52321611693,4167.384448,57.14245890545,1272.00557000841,514.83168240356,50.50683379374,49.12769998706,228.09190751185,201.69384335862,232.2780367153,57.60481327107,18.87833681005,16.99223087546,259.71090713067,1727.654176,97.93791358027,118.06316038379,101.03854747056,0.0,1255.38078044251,147.63869008798,46.48167050548,218.71337082511,109.92636882656,72.55900978241,21.28192683095,128.61759794972,2000.599424,23.15282575712,32.6024158898,5.74531899742,0.0,0.06747119922,48.65380979215,48.0032792827,32.88513213533,2.41781273404,132.027508,872.59953160853,10510.015488,4055.49978602,308.05898237,28.69100047,8.91171992,145.82811425,1640.38454452
2009-10-01,3707.33427773143,109.92669401376,103.75189941509,7.65855612009,3928.67136,36.78608706071,197.83339906048,30.15227540237,355.5095509575,15.50165406098,598.99688,46.20947173494,56.33865470866,4667.002368,52.86976224914,1508.22310787443,558.68229235125,32.54979999253,58.82502124191,214.94432237066,236.13419238262,234.59788309408,66.36669390384,18.79151626899,22.07615259101,232.83327827309,1782.742272,106.94112000504,112.36306100549,108.64469216436,5.63490986667,1442.90503987361,164.01100528554,54.87311977859,225.35421951326,104.23082718151,94.38652668857,20.35288532048,115.124572924,2221.238208,25.76026106474,45.68541743908,2.49688857595,0.0,0.01629825012,1.74725615535,7.56349699887,17.90496870403,8.78127524152,36.013295,340.33082313289,10909.0048,4622.62688145,296.07530598,30.37806089,6.4551506,128.6494883,1916.60242935
2010-01-01,3540.12588009885,114.02463520668,106.81363870267,5.22184607319,3766.18592,97.22765387016,181.4058477723,24.48032400164,347.58537904497,17.0347135927,570.506272,41.98053040803,82.67885658899,4558.5792,67.67540628241,1382.43477601405,577.12910405936,33.9470461919,63.90026210573,206.55038018403,474.98159294692,290.42355233546,54.21038570826,18.83886448564,18.29915372831,249.53200611899,2088.822464,101.0101113676,96.12554870399,101.48283313829,0.0,1420.54454576093,212.34547751765,52.11699838302,249.19514904619,130.52674513324,93.16035336858,25.24543813203,110.75403243528,2293.888704,23.90494953398,68.78641718152,2.09257677655,0.0,0.00329512988,1.15019078353,9.33833488463,23.54313048377,8.20643810801,42.241389,341.0836229919,11067.117568,4486.0723279,319.98721295,34.47203405,10.50572916,180.72322373,1797.69556077
2010-04-01,4327.67973987576,109.3969065387,169.6523713683,4.358644034,4611.087616,77.71593016424,205.35372942508,34.19456507098,417.25843573623,22.9511311022,679.757856,34.49621682394,166.44900891176,5569.506688,134.54703379552,1360.05582915836,797.66584616693,40.62239258655,78.45719270208,249.47129123736,379.26916333579,290.95486765736,130.31239388993,19.99922879614,34.87009974859,269.65562146487,2407.773888,116.49582654503,106.52972578553,112.81423491419,0.0,1670.99193469945,221.15861187176,82.46842707809,308.15731254627,150.08791051966,106.2848687931,21.77785638881,125.42719365268,2686.354112,29.22334685806,96.28155974407,2.62604552159,9.595e-05,0.0,23.75908032988,22.94069071055,36.5818227415,16.57331437924,99.855004,1221.84126517712,13827.40864,5414.51671616,381.87691005,64.77012653,8.46265533,169.35784318,1911.86129845
2010-07-01,5137.3862444082,101.96188126208,176.40753458353,4.34996485383,5420.1056,87.86994758698,229.04306281074,38.78241667734,508.67132278793,36.88845015606,813.385248,41.21139676822,268.57890763895,6631.151104,101.64663811478,1601.71098134991,935.59385017455,52.19681553078,73.08167424832,286.35176440144,357.52354439687,350.3515769761,94.72471019412,50.87408737795,21.58787822876,308.0028610168,2642.45536,112.16655643868,137.47027925694,139.3713679136,37.50154871185,2202.8158091764,236.02379172145,84.21525434784,317.62245666378,176.56985669111,123.07778990646,30.68776078085,153.12959992767,3324.142336,34.84672321766,85.6816221915,5.088928316,0.0023161499,0.00727496002,4.75310334951,57.04541627453,46.1669788339,26.871294634,134.846384,1107.01334540598,15982.926848,6370.02540228,446.00163114,89.0433461,11.3551483,204.75221062,2212.02893273
2010-10-01,5230.08494071794,111.41773156427,154.9126070875,7.56163442271,5503.97696,87.65391731042,269.24543668083,52.51833134969,543.59228835382,44.04577089124,909.401824,45.72508068037,150.76406727162,6697.52192,104.97592200262,1713.21029094062,904.79749511894,46.42387090879,78.5489975921,281.87678736716,316.69557721949,364.88489354367,116.51397683618,33.96570630814,20.5140517137,303.1780278738,2624.569856,157.17046449806,144.16271171687,213.23593098512,0.0,2383.49926134666,298.37699089912,97.38727641509,316.28538298865,182.86082065579,122.06039180742,33.55821831281,170.00487153125,3604.03328,39.42101958301,74.41261455826,3.60012582514,0.00166910003,0.06762582078,3.42712252241,16.37338577826,34.90299230445,4.38367145692,59.156467,636.82475761326,15915.125248,6559.04003732,486.57376514,114.26103788,9.8405436,229.94309995,2361.77850378
2011-01-01,4699.31824604792,123.69501931075,125.83005350233,3.23067634612,4952.073984,137.86666368791,242.72028398375,32.07273318505,689.77479887216,32.63560265799,997.203424,49.8268478479,207.43457898807,6344.405376,190.0244114746,1723.76377407876,761.59741594948,40.70667699462,86.62312037238,286.40190067154,285.90060385866,359.66587655921,124.66228512205,35.61819672012,21.11023069077,281.79139956576,2464.135936,180.05824826499,137.15726937787,174.68162016357,145.15678051678,2093.14255951264,272.827194981,72.27489330721,333.68665418662,145.90341840914,108.93007294147,37.42669864201,145.62511718707,3209.816704,59.43943645369,77.53256936004,2.86153093046,0.01835195979,0.02589432947,5.87163134329,37.30406144881,81.35978722717,6.52515441412,131.10488,635.01276757259,15295.093248,6147.75012678,403.12011678,87.21843359,18.14919406,252.40184847,2603.5629858
2011-04-01,5608.14676960353,131.06738817223,170.25546393297,3.72183205477,5913.191296,115.59432489839,274.07889490019,57.69959354612,556.35156086378,39.94602774236,928.076096,46.30244460098,352.94929156509,7356.113152,187.47882559057,1874.5376822519,975.78013063527,46.852205283,100.19259415659,386.02057803558,334.71949283408,390.18211530568,120.37902971831,46.05209860505,22.8932488628,348.66573585613,2918.02208,146.2848560329,130.72270864685,136.45996713138,260.21494072233,2398.58336118559,275.82326161281,95.69510119559,314.00553395358,173.3244322697,117.62500095046,45.39942413103,181.26398425873,3601.720064,30.11766599128,83.60695393746,3.60461575689,8.686e-05,0.02172542961,3.23229816371,51.38739868215,48.59136537364,80.19456572302,183.42744,1961.26104540773,18727.286784,7015.72631301,498.23825811,134.13033672,15.0963096,259.54239184,2618.36806798
2011-07-01,6460.83120290119,131.87306448452,174.76859337653,12.20068905119,6779.6736,134.59669482069,290.68046210273,80.94772991512,690.52608537612,44.81992397193,1106.974208,51.52381788866,481.31861216854,8554.086656,84.43178369512,2101.77645129936,984.69546327401,63.41018388947,122.64188879269,390.04387149798,460.74980785736,377.61512051032,120.91254121705,42.04170802675,25.66664673785,470.11244054576,3219.44768,161.55791793519,156.30883084029,151.93033416396,203.01101688653,3105.34316190822,261.97430450473,106.7201354107,376.93512892878,174.14969477351,151.53832127626,60.73843914591,194.83983254517,4432.238976,43.07373871268,135.3980854841,4.83089316223,3.86e-06,0.00049182001,53.3657557319,48.07145640048,46.11357322838,96.91556032459,244.466844,2087.1166712529,21418.118144,8085.08771297,538.91960083,304.22890934,17.88704193,311.88816883,2876.7343272
2011-10-01,5558.94850544188,128.39018315198,162.60376720546,4.53951249059,5854.48192,241.14631081987,285.32072481396,70.84328964724,596.51429438674,45.80997285181,998.488288,62.09797293719,456.68757225267,7612.901888,164.61934750401,2031.09353233511,923.52663739156,40.22449756978,109.60971935273,333.18296965632,438.31940675152,354.39353240868,73.84791985578,25.79906775962,17.8495586646,417.23136073229,2910.252352,176.26773131493,118.84469961336,168.08132479096,116.26789050201,3014.30420054283,333.95887971311,97.90919598816,390.01633636915,202.53882452042,161.00140915678,46.5512223834,174.45070929713,4420.73088,45.60844762129,113.01839636827,4.49203278857,1.509e-05,3.47277540009,11.57365645738,6.62181933877,28.86456080628,44.99869052045,95.531518,718.73435021142,18520.176128,7168.04446759,525.21449014,77.44535729,12.69124243,419.89754404,2792.22716845
2012-01-01,4158.5467052129,106.81192843136,122.40326991966,8.27588826458,4396.03776,278.01072638797,240.87845702176,52.08346183256,587.20022193285,37.05953972803,917.22168,57.35044699802,408.61914098596,6057.239808,87.33345704338,1730.91084146652,950.37704046011,72.56589092217,88.78029084588,321.30746488671,459.15283395793,357.6612972569,131.4745963609,28.86023832847,19.13505724012,346.09010449568,2905.511744,130.10692651861,146.23554686059,165.05954637369,12.12138143849,2227.62717322539,281.44430608891,72.24655737601,335.62008454309,182.87117901445,122.91533966359,36.996289102,147.32851544113,3407.049408,29.87321627446,76.38768257826,5.12687481468,0.00587603011,0.00107570001,1.0758472486,53.0400433496,56.44575097395,5.26359175473,115.832186,496.56407991232,15235.24608,5661.83242164,440.3480033,54.77043777,8.79626446,424.50417942,2405.44451729
2012-04-01,4297.64245961064,113.86533719851,145.96656331678,6.18133487066,4563.655552,213.80719208382,241.84849573149,86.06037480028,508.49292002757,31.51344485615,867.915232,52.15633048561,517.23950126643,6214.77376,170.4462959226,2280.62938050323,827.90719977435,86.06091094329,110.48478008934,396.99098552624,339.97325886345,334.60793618748,557.5613635681,34.96084564903,28.92714878468,325.20437461392,3244.3328,201.65393094497,134.74914757776,134.60202443512,0.0,1918.0676955819,270.97185254976,75.27889020528,331.59839528231,204.22481640113,112.11264841035,35.95443049208,156.51527153725,3104.723904,28.76684825877,69.33356903038,3.91735997566,0.00058212,0.00251854006,1.31658873883,10.00541415868,58.24968366022,64.36393794613,133.938726,1270.20476298785,16790.418432,5706.96308123,475.13661575,183.74479249,15.86846459,383.53734268,2959.56857056
2012-07-01,4618.67342085225,112.33537318926,144.0352802138,7.59406828522,4882.638208,362.02025786604,248.31238278213,88.35926015799,518.84141619423,46.91066123984,902.423712,59.36665963048,705.93231360445,6912.381184,134.64755120618,2425.04466403737,944.20945786349,70.00844422178,142.34116292999,311.66719476978,376.49175507679,371.6450638825,495.21809851009,51.17859781126,25.94619716268,395.75291517597,3332.60384,148.14494788555,134.13240260728,176.79013050752,0.0,2787.14686395977,310.17572069042,98.78754253096,399.09556096548,249.00467929759,137.24442904435,43.35157240191,199.20479531958,4224.011136,38.40623474528,62.05345534877,7.39076578838,2.419e-05,0.00125988,45.21069556442,31.4274629138,56.20470172526,6.10484117803,138.948988,889.52744243183,18475.937792,6220.2298219,590.94182098,380.87608014,16.09082353,556.65684097,3078.53363654
2012-10-01,4729.77223818327,117.6190787898,133.98586978059,2.87857728867,4984.255616,443.49270724102,274.76518033222,128.74368914272,636.28024374914,45.54031767997,1085.32944,67.0827625353,503.95844130539,7084.11904,118.18336892538,1937.77194072626,975.73558276568,69.4340645783,93.79083119651,287.23913989383,414.56157607884,388.46746671192,100.21063379675,58.23753687571,19.0345142988,356.33706838531,2897.975808,134.92737749677,136.7788223282,176.33072310345,0.0,2998.98417373771,274.63378549699,97.40096054236,432.13797274464,225.35613661714,134.64348644086,39.20918009638,191.97586322428,4394.341632,34.7362792828,74.11333593525,4.89920938705,0.0,0.00031605,2.08317201202,17.03409889901,67.21604524332,8.2274979317,94.561131,518.801558748,17472.612864,6601.38975016,556.82781069,111.39033603,15.42554875,684.85948162,2692.23555406
2013-01-01,4039.3645196645,128.65685833102,124.12032618401,5.39204730343,4297.533824,785.02368318555,231.94826395909,139.40569661364,454.33318853923,25.28936019024,850.976528,59.01622552412,435.21534978084,6427.765504,104.73298164663,1672.49076253486,857.41904683701,65.02069732375,108.29484631028,341.98104574259,360.70146041258,396.69601306215,297.54560906517,38.07607403759,39.15500402483,351.63433224267,2982.771584,126.24745273315,123.68688229768,165.18129675863,240.40878041736,2611.96641599709,239.29094031632,79.26881126965,371.47142189067,211.24773188572,127.97858895564,50.8895743527,169.76183829547,3861.875328,32.94023338528,72.96190040704,5.20198530053,0.00170548999,9.076e-05,1.7777218,1.92948290154,57.09113618663,50.47622500301,111.27636,350.86032183034,16152.1536,6003.26057757,512.99883236,92.09157286,12.79443771,1008.73498885,2231.55693495
2013-04-01,5279.74768304169,140.53816191125,138.54751029168,13.38865433887,5572.221952,720.78764305362,242.77399761456,130.34890392117,528.97547788561,32.12740360394,934.225792,60.58216588151,526.58089014564,7814.398464,117.52840490617,2097.99394909724,1028.40943033878,57.87879700243,273.88605411783,349.96275621051,454.11448007,421.64962401386,327.2758238035,71.77830021302,78.86763151135,323.53658051569,3567.004416,179.64502763632,127.33064524138,195.96494844209,632.88002159783,2609.99967845336,308.10796259114,91.93709634797,392.91735325983,247.00619296429,141.09192434615,44.87351722646,196.93799158805,4032.87168,37.59265976015,56.44294237523,3.7813583184,0.0,0.0,104.61437283406,24.33517960146,71.28552455999,111.93528943489,312.170368,868.39315201074,19864.352768,7303.1340949,582.5617285,497.04869277,15.80586906,943.84611351,2744.49783198
2013-07-01,5280.9071450836,140.24307233876,156.50150581864,19.22332550229,5596.875136,395.42265369235,249.22047529908,74.25643203156,572.55440410953,43.92638724876,939.957728,62.13205416883,671.9664796554,7666.35392,117.93887313947,2111.48054943945,1073.45674213555,52.23830452834,247.11217895113,373.85193246841,420.57827431223,449.2537568337,260.42279549294,46.85026082751,82.88135970595,368.56321077725,3513.397568,138.18876329593,133.39496379041,211.36981235107,568.89496692692,3234.77328266549,342.45531354428,94.46147364189,367.15682540857,243.32058838692,142.1459772358,55.88271622071,203.61222193176,4683.808384,39.80304086588,40.54709405774,3.68916373586,0.01131147009,0.00952288,1.84791582618,7.31708583619,71.53564561585,87.50505473031,168.226536,832.08155858259,20090.986496,7006.73896931,599.51213575,514.24904609,20.53154474,575.73752671,2801.97383665
2013-10-01,4721.74779632378,121.38348865983,126.50402555264,13.59689628907,4983.232128,943.23716406051,246.51320515264,91.38428196349,605.46661653785,31.88922352262,975.253344,92.28984741284,423.56806828247,7417.580544,149.44073719315,2132.87886442091,932.84228239443,54.29838209052,137.66610328197,305.44602523581,503.09599490599,398.15497470204,194.78243836581,65.50662276773,27.39001650355,381.37221869533,3139.171904,138.61675137978,126.0859900685,204.17267422621,172.23277143887,2884.38144477225,349.96831565406,114.8544278543,389.36541157851,244.37201359677,133.18272231928,48.08836346832,163.27231195467,4327.484928,38.21207075871,36.10550971221,3.6602484533,0.0,0.00087640997,8.30316359311,11.20626952669,42.62154053794,63.83972726397,125.971576,461.30976745676,18334.30784,7003.2793533,572.93788687,187.72453148,17.58544606,1158.80052989,2881.31647408
2014-01-01,3905.32015073252,117.10240862691,136.23005409972,6.48384873261,4165.136512,669.10761409261,223.91895213162,81.87969355976,415.11362417867,30.32218927306,751.234464,62.22127544949,546.57013128578,6194.27008,97.13110994752,2256.20556764635,812.26207066223,48.47172378213,194.47806018848,277.89369207001,341.47572429829,453.96738605761,278.71364756828,31.33109018823,24.5866819394,363.81380981468,2939.187008,112.19306392865,111.45573397654,199.32177037768,0.0,2710.72950432423,239.88104153551,77.85728225765,340.33844044452,197.31223341368,115.17000678192,50.25065437852,201.3878397415,3932.926976,24.66658941757,46.04398099677,8.07336547062,0.0,0.00013238,2.24273862421,4.47056820897,47.03892379133,77.16698340858,130.91935,635.77266474044,16575.973888,5656.53050577,527.62622525,39.57180915,15.65626236,843.53076996,2768.45029392
2014-04-01,3696.91934813313,116.34004557531,117.76594429483,1.44995536626,3932.475264,689.90840159601,189.62056949119,41.47395267419,457.0264050137,28.92700828323,717.047936,60.64866780156,602.63245677401,6002.712704,165.51320381728,2215.70198820022,894.57872780499,42.82637161388,75.68634333239,315.54705622207,387.94090532162,407.60022960857,221.46477575855,69.61223608795,22.11758818922,365.9165551221,2941.579264,138.28845802409,121.8410218297,166.38276070948,0.0,2606.16530583456,287.33117449232,75.12915011108,318.33212974037,209.28377318462,130.62101049331,44.23986910084,226.7606262398,3897.862912,34.77557559083,45.39391275036,3.00938306758,0.00525006006,55.52768,2.69249942366,1.99881579852,63.38838830266,185.71029562807,309.32292,1376.74658781962,17280.84224,5408.42677527,557.36747392,390.1182675,16.70035299,820.95803298,2838.24159661
2014-07-01,3605.52945507279,131.3900452865,116.47031046529,0.87888090856,3854.268672,638.65957467504,209.96584488548,51.25388946297,389.53725440672,40.78123403964,691.538224,67.12032707883,532.099993347,5783.686784,189.15528421044,2502.31777838215,983.95073989622,52.5574865366,77.93428402496,263.55346293504,384.90457848843,429.65658629242,179.18360722128,53.30887589321,28.02115272447,355.22086393212,2943.058304,134.76670463621,166.04523459577,185.6913278944,106.35450950166,3004.10342663104,206.29948263208,81.48340791273,346.6145414716,205.30768739295,118.8423808282,53.42555882168,134.74127569294,4150.817792,30.9845885478,34.08034794689,7.22299365162,0.00375586011,0.0,2.72006399981,34.40337385983,55.05954721242,354.95183019259,447.138576,887.0082206232,17433.5616,5264.55818023,476.49697104,401.82700635,13.82488402,797.81501866,3081.01031828
2014-10-01,3266.06969534799,133.78646032455,127.3839187148,0.86140471165,3528.101504,547.10396260608,200.02344371089,58.12119531542,385.60991089842,28.70449572667,672.459056,71.13496304403,334.16976837593,5152.969216,104.9916941741,2074.27863180823,841.93838317911,56.47475686227,70.60852625642,221.03319838748,307.70647382454,345.89115489134,109.2566529455,41.99913358402,30.69147700256,348.60060144859,2532.273024,158.07267684551,132.84061629952,147.14753529537,0.0,2489.95526908467,183.90546429528,65.83864159553,370.76948188667,204.15475799092,105.93785391232,49.06653611843,134.87886936124,3604.50688,24.8657411694,33.63565630552,3.1568512654,0.0,0.00066821001,2.05471994617,9.31050410408,57.29621105023,12.17530173792,80.837404,554.18739953499,14445.69088,4834.8042128,455.57425401,227.19005037,14.95908656,705.06461057,2564.88022875
2015-01-01,3072.12812515031,101.84311523412,109.41985665059,1.28436414187,3284.675456,482.99894245535,177.75036011731,60.3910334392,355.65354364587,28.53289317167,622.327824,66.31155659109,295.61721429531,4751.931008,94.45446940847,1904.06719189295,723.77013583403,41.74233268943,73.5013003549,216.25178771249,358.53802193712,338.69850448999,65.90577728389,43.12093455283,65.64239973523,335.55839138101,2422.316416,159.58677560102,163.34788271606,150.81776638402,0.0,2388.97302289242,242.07616167349,68.96470236382,329.2976046175,185.45109277751,111.57544062047,73.2345839627,119.15388472546,3518.726592,23.96921197069,48.27854435975,7.78459989768,0.0,0.0,1.58097846667,8.17425914723,49.483739511,59.98759988161,119.226578,301.10739011959,13506.027776,4468.68291096,448.19105602,74.92073743,11.07169282,638.23443951,2354.17519832
2015-04-01,3471.92232926619,109.36768155296,124.32382975698,0.57191585168,3706.185856,367.85934246002,176.7844343593,55.40168904132,513.47081700171,30.02959482405,775.686528,59.32543936589,419.62989590797,5328.686976,103.82721983505,2037.15893517264,807.95429551645,39.04868367194,78.01555358947,222.20477759574,387.52653698757,352.24699345832,152.75642708464,69.89227447815,28.96657130126,280.95910954975,2551.934592,132.36334867684,216.34594338134,167.89259779845,65.26233252643,2746.3439894954,257.32208097988,73.35636946005,334.70513881475,218.45684080258,111.27430883238,76.00522071647,142.74800323901,3960.211968,25.83048409076,64.81552045994,6.17991527794,0.0,0.02151386914,2.04282823036,9.04402036154,51.01762201766,294.15164839429,356.277636,758.49585121297,15642.919936,4918.15371252,512.6881016,113.65810992,12.71561998,512.61606592,2654.45697643
2015-07-01,3472.49820317982,108.19761455257,117.93424137892,0.57536692606,3699.205504,334.70401874997,187.16723305132,58.50517239847,506.33397710401,31.69247819058,783.698864,62.8003095833,283.73995659623,5164.148608,119.53629470886,2008.0101067759,884.2822593708,40.35370451598,71.91822218464,285.28276509187,371.76667936028,352.40751260967,171.99909594099,33.11316881675,44.2482382042,335.89676091053,2738.065984,146.79759786461,169.71399386547,205.82957889378,0.0,3598.36008802013,305.28624697888,91.89721254121,323.28940453923,217.98772797563,139.04803672956,96.22542486732,174.03869373331,4946.132864,35.18064782243,92.02652852691,4.42062205024,0.02802788,0.0,1.90720135578,7.52995000616,44.74412049656,526.14088058045,580.350176,829.19836735195,16892.614144,4895.69511221,581.47574703,285.3433511,11.0079793,487.70198332,2633.88039239
2015-10-01,3121.15529903759,102.37109974693,112.67108899318,4.12362895247,3340.321152,282.37454302876,176.2538042822,57.50197368166,452.21296704032,37.83678108438,723.805536,83.66212631086,124.9405439579,4555.104,145.0007952305,1936.37964790905,712.69961777043,46.50952175693,63.91310181108,235.80891801576,334.03173029907,332.1452684994,70.31200428729,37.02164350926,35.7124622802,368.10272340235,2357.45952,121.20253853913,140.11627888482,201.06673959988,0.0,3127.13425554655,301.20629304805,81.82827052514,234.65616851545,194.40647290678,123.68018393389,88.41389428812,122.19887296835,4273.52448,36.6550955872,64.18424296627,3.06450564683,0.0,0.0,1.04853748141,8.99560615811,33.84387888262,97.62796260876,141.515986,307.40327340665,14161.47456,4446.22451066,489.54182964,63.28052479,10.6603232,461.37542299,2533.59339834
2016-01-01,3055.20806,147.20987,109.74775,7.28065,3319.44641,247.13947,146.63978,48.07269,372.55944,27.99273,595.26465,61.71105,101.76268,4325.32433,78.84714,1574.47982,704.03192,37.11704,63.37677,210.67231,268.15696,359.28313,91.33206,29.34548,18.11943,320.15681,2208.18616,106.59429,132.38794,154.94942,74.11583,2678.56838,231.8136,58.99069,213.13251,262.24878,108.21277,78.14369,123.76142,3754.87182,24.91891,52.4681,6.18521,0.00123,5e-05,1.48974,10.50355,43.06274,83.89942,138.95673,291.39204,12817.08349,4234.5022,525.29645,142.1724,6.81188,384.91594,2025.8864
2016-04-01,3611.04212,231.27026,140.50575,10.5997,3993.41785,223.4605,161.78461,39.63526,488.89514,28.61933,718.93436,55.59949,127.07691,5118.48914,97.89588,1732.94763,758.7222,37.815,109.23276,239.98698,294.96436,327.90508,96.22326,39.42339,19.15611,364.10168,2398.76941,111.23854,126.92175,198.87578,143.93307,2637.21003,266.57717,69.92273,256.98074,296.40789,99.68566,86.50784,116.5204,3829.8125,28.2472,42.95423,6.34554,0.05241,0.00267,1.75657,33.9378,42.60746,118.44038,196.7973,441.54833,14363.5376,5000.13842,573.15283,251.60614,7.59949,347.31458,2319.73865
2016-07-01,3417.84484,180.81844,110.64921,23.1291,3732.44153,259.27504,192.08312,54.08294,477.14278,31.87965,755.18849,68.37525,100.69098,4915.9713,83.87567,1711.27254,854.31479,50.83129,72.63031,226.8328,534.54533,346.6902,149.51639,38.58832,20.40538,337.43301,2750.84619,119.05841,157.02178,181.79601,116.23936,2623.09068,195.63728,71.25853,256.62721,292.39932,104.03474,95.76486,186.46196,3825.27454,35.26923,39.77986,4.97341,10.88849,49.12602,2.61092,49.89686,41.5374,187.44946,341.50915,519.2513,14683.08007,4828.95454,647.3957,287.83749,9.35105,413.61289,2272.29099
2016-10-01,3598.30449,153.08344,140.19217,26.93926,3918.51953,216.63494,151.36205,59.21889,446.74148,36.39467,693.7171,89.16323,50.7181,4968.75293,84.7381,1932.07946,736.60168,42.26656,67.23566,243.49978,454.57985,402.13569,95.86953,39.65386,18.30032,408.33014,2643.08136,134.60831,99.43673,164.6793,59.50289,2549.66629,192.89889,75.84689,226.71047,281.1954,99.52917,89.85233,139.49574,3655.19531,29.36722,24.47702,4.27954,0.03832,0.34035,2.34142,13.07011,55.79952,55.01109,126.60078,298.17627,14090.36719,4931.89975,589.90886,99.79567,7.35529,401.41175,2463.55904
2017-01-01,3806.64806,331.26866,111.66053,0.38789,4249.96521,279.89079,183.3432,48.16054,459.76681,33.45696,724.72751,76.3319,20.79806,5351.7135,114.81137,1560.93362,711.07232,44.84735,66.99284,233.98301,378.15416,405.33307,123.59944,45.53347,21.55917,455.43559,2599.28637,112.77599,155.95483,154.7872,43.61996,2343.69818,184.09449,74.70093,228.57692,276.38575,100.29155,133.67704,117.77838,3459.2033,31.05521,103.36316,2.62726,0.0,0.01271,1.87109,8.03131,41.70106,48.49821,100.11437,258.52985,13936.0,5340.75918,603.77982,60.99194,7.52579,437.84019,2135.5118
2017-04-01,4557.17055,280.68977,139.8805,0.89623,4978.63708,342.01552,205.09824,58.78088,535.17473,43.16556,842.21938,66.4097,100.99154,6330.27332,203.52418,2050.64238,767.29621,43.44465,114.78613,297.26183,314.36373,393.47727,135.2159,101.42396,34.15927,614.36004,2931.76135,115.9723,137.13344,213.83987,143.04308,2817.55275,209.31454,80.99521,253.78906,319.62456,105.79174,143.58734,151.0695,4081.72461,26.07955,45.91846,5.18883,6.72434,0.0,5.73418,46.60393,61.3179,200.33996,320.72034,445.15059,16935.0,6237.46953,696.95393,263.42443,7.97784,510.37166,2789.3413
2017-07-01,4778.53948,219.01398,130.23643,13.74243,5141.53234,344.84063,243.3814,67.84128,540.91074,40.95236,893.08581,83.4353,85.43981,6548.33398,233.37141,2048.71949,932.68461,59.99803,96.87375,322.5538,345.6524,441.29252,74.64926,60.00911,29.01087,428.18417,2932.42193,141.51342,148.84998,227.30608,104.16948,3626.75639,229.37938,87.87398,291.62633,317.22635,127.61964,176.14651,150.35928,5006.98779,50.33741,81.60287,4.80979,0.03873,17.03496,21.03828,26.91216,45.40563,283.25414,393.68391,545.405879999999,18326.0,6473.62726,732.97068,320.51276,8.77196,537.06958,2823.00024
2017-10-01,4845.91091,274.11527,147.34391,0.58612,5267.95629,387.78634,201.98516,58.20536,545.46809,41.37239,847.03098,97.24933,53.42904,6653.45215,108.48126,1926.3884,817.946,52.3049,83.26561,598.04417,306.25399,434.69796,158.19776,55.01933,34.39193,396.0227,3063.82556,127.68118,136.31432,227.77518,50.15195,3539.63364,213.46034,102.23009,282.66323,345.66363,109.90215,168.14789,167.14567,4928.84655,36.71502,47.78519,4.51335,1e-05,0.01264,6.58738,52.22025,45.86327,138.34554,243.02911,305.721959999999,17733.0,6607.42055,785.54494,153.40264,7.65286,584.61343,2580.3365
2018-01-01,4493.28116,624.59443,113.28229,0.32976,5231.48754,363.25793,171.19364,66.80089,450.16164,47.45945,735.6156,94.39792,19.75911,6444.51794,112.37766,1565.47234,863.66121,52.58424,85.02195,400.12199,293.49439,427.34688,158.12333,58.15775,30.67031,422.14274,2791.32483,148.16303,172.57029,212.8171,57.39519,3335.29971,232.63205,93.37409,291.10368,324.14156,126.98053,201.3743,132.92945,4737.83533,29.79492,84.62339,4.31317,6e-05,0.01384,1.77059,11.77717,51.94599,108.53682,174.04448,382.750340000001,16918.0,6435.58925,753.38559,116.58305,6.58332,571.9162,2128.01162
2018-04-01,4630.96131,732.97308,118.92899,0.425,5483.28845,424.38243,174.31828,70.10851,584.13507,66.14124,894.7031,72.35858,54.31099,6929.04346,102.49116,1906.36472,925.52158,50.58953,89.18252,430.95841,295.90998,392.15358,89.83353,73.72091,62.32665,503.59607,2913.79279,135.1237,134.86118,228.80875,199.70054,3051.82745,196.19765,92.83382,271.96051,345.50287,120.74295,182.70994,132.13545,4393.91064,53.77781,46.80933,3.96417,0.0,30.04289,46.51812,57.92226,67.74891,133.19185,335.42402,630.92784,18015.0,6881.73025,755.83689,416.36471,7.04857,632.99075,2592.99095
2018-07-01,3866.04644,423.86862,137.65389,0.58831,4428.15722,429.11009,218.09978,94.90489,467.31573,39.52871,819.84909,81.72231,136.19327,5895.0321,94.20546,2165.19346,830.81162,46.27941,70.44661,353.89521,309.47164,396.69971,170.24801,72.87565,34.5088,447.35514,2732.59174,151.58814,134.46821,256.35823,192.11941,3101.18753,119.83706,84.97018,291.32503,356.13396,96.19733,146.61679,169.68873,4365.95667,42.50211,115.02381,4.29915,0.0,43.49676,24.51255,87.26106,61.82089,110.53632,327.62758,719.03382,17196.0,5768.32006,758.8211,443.1494,6.03031,645.266,2726.7117
2018-10-01,2703.62975,393.95965,122.65882,7.1357,3227.38391,259.43992,140.64449,59.13247,375.42734,35.83336,611.03766,70.70913,22.77499,4191.34558,77.47065,2021.23283,729.80584,49.68984,71.12674,245.80413,210.56602,341.89138,112.62712,45.91439,28.3384,418.70107,2254.46496,134.42863,137.78369,190.26897,72.7659,2597.2526,94.38934,74.09918,228.02152,302.56663,67.50169,105.8374,113.25445,3582.92285,51.09184,118.11216,3.38748,0.00013,13.44589,11.0959,18.81822,36.81518,15.81573,95.99104,421.733400000001,13353.0,4176.56842,598.24372,170.80396,5.36974,425.11487,2474.13084
2019-01-01,2511.42679,575.41978,105.48604,0.21074,3192.54339,293.24937,135.31095,41.73543,272.65159,29.52178,479.21974,68.81436,39.01958,4072.84643,88.97644,1630.69511,726.61761,50.0384,59.35665,264.34326,210.19039,322.45447,143.14545,57.9371,20.20039,413.38661,2267.67035,140.90677,101.01525,158.73147,63.82971,2151.92257,148.64933,68.10379,222.56707,290.97006,65.45192,83.09205,116.68458,3147.44135,29.14549,71.90888,3.25739,8e-05,6.66473,2.45679,15.24022,31.95615,24.45343,80.77141,449.71072,12166.0,4043.80818,560.26717,100.94372,5.42438,433.32092,1992.32313
2019-04-01,2808.78099,556.36539,110.59394,0.16395,3475.90429,366.05814,142.35892,63.53266,284.24713,33.27815,523.41687,52.51467,81.9791,4499.87305,86.40733,1638.38526,682.68846,52.32593,60.60387,237.15646,235.81456,276.93783,82.71313,64.94366,22.61096,377.89664,2093.69146,165.84162,107.40374,208.03896,48.04012,2294.68583,136.70648,69.25053,228.59766,314.02294,67.63161,146.48871,174.21051,3431.59424,32.50494,68.04105,3.00763,0.0,12.31618,22.38188,95.59583,43.41449,15.14835,188.85673,582.155490000001,12988.0,4428.21684,705.71503,196.0564,4.05793,515.38361,2009.03972
2019-07-01,2662.1062,329.41934,115.95799,0.29561,3107.77924,424.60663,134.58406,69.77894,293.45975,36.17794,534.00068,56.82894,97.91277,4221.12829,74.29749,1744.51215,719.88533,58.71657,65.67379,240.208,253.2969,291.56505,127.55431,69.45782,17.13375,343.54546,2187.03699,124.8889,102.56529,234.38424,87.64405,2620.84162,114.61373,80.8139,247.80508,285.83711,78.35933,255.83718,138.39054,3822.49853,43.89981,60.76672,2.63301,0.00165,44.5007,76.8173,68.30032,34.77303,26.10113,250.49413,475.139300000001,13307.0,4140.25689,762.15417,106.76331,3.80618,587.39245,2112.26939
2019-10-01,2177.01679,185.55299,103.82547,0.24626,2466.64148,296.07334,124.33924,45.54549,274.87443,29.14952,473.90867,63.41895,37.23001,3337.27233,84.92478,1203.45207,636.68121,39.94381,54.89067,235.52289,185.61186,235.0165,93.51304,33.58979,13.6639,287.3117,1815.74539,151.55166,93.11578,207.87592,41.14633,2199.39712,102.3214,74.15942,196.24402,293.63684,72.4778,173.07806,114.46439,3225.77906,29.38366,46.32257,3.94739,6e-05,0.0266,27.40897,21.57154,27.46082,3.49526,79.96326,494.07146,10663.0,3308.94111,656.60347,129.13334,4.54683,434.1873,1563.25128
2020-01-01,2069.89134,571.64,77.40647999999999,8e-10,2718.93786,301.22595,107.26147999999999,42.78228,229.48173000000003,26.709210000000002,406.23468,62.687149999999995,28.0721,3517.15784,101.37449,1041.3414,488.96046,35.67163,71.92692,170.65144999999998,186.55347,252.40381999999997,92.67624999999998,34.9979,20.965700000000002,291.92706,1646.7346499999999,112.20439999999999,80.43545,243.29822000000001,39.31615,1802.80436,69.82760999999999,66.03407,166.65214,257.31561,59.986180000000004,170.98875999999998,105.25965000000001,2698.86841,29.20375,44.24046,1.4658375021,0.0,13.224720000000001,1.6937399999999998e-05,39.54186,28.306649999999998,2.4384886713,86.07257000000001,350.4907724979008,9880.0,3496.56599,600.8914500000001,73.65294,4.502730000000001,433.40459,1372.1974999999998
2020-04-01,1622.0082200000002,585.74888,75.40198,4.1192306391999995,2287.3422299999997,247.39422,102.35101,54.72619,220.84922,22.7203,400.64673000000005,55.482380000000006,69.35021,3060.2158200000003,58.374520000000004,1058.13125,538.79201,30.840779999999995,66.42806,173.81296999999998,171.87971,201.23954,64.19145,34.0596,19.69201,283.76282000000003,1584.6989700000001,76.87801,119.19910000000002,158.01309,33.14396,1758.17436,119.25919,61.267179999999996,181.46992,275.90291,75.23546999999999,136.44486,127.28005000000002,2735.0339999999997,28.54928,26.34991,2.7366988286000002,0.0,17.319490000000002,19.4248278865,63.28738,23.767,2.4779763370000003,128.699,365.8544011714001,9359.0,2999.41158,601.75464,129.42543,5.26512,380.3231,1337.35499
2020-07-01,2396.36606,649.53769,110.82258,1.9570307983000002,3158.76324,273.27485,158.07146,56.41016,240.97852,32.99478,488.45493,70.46194,38.73854,4029.6936100000003,68.68625,1067.5230099999999,437.01518999999996,34.928250000000006,59.98438,146.87269,207.28374,229.16392000000002,81.61402000000001,24.7197,16.051479999999998,269.44345999999996,1507.07685,108.02527,116.58929999999998,211.21975,49.24862,2378.28164,75.51614000000001,45.07879,172.81285,128.96469,90.67285999999999,230.21139,132.97662,3254.5149499999998,39.6489,24.795930000000002,5.140359999999999,9.000000000000001e-10,37.14242,80.3573584211,79.76566,22.92774,23.906100000000002,244.94147,468.9209999999998,11088.0,4001.4375199999995,538.31535,164.63743,4.5262780156,433.14174,1377.18779
2020-10-01,2597.01907,410.94543,111.15986,7.023e-07,3119.19451,212.24854,171.80083000000002,55.03443,254.33105999999998,35.09467,516.261,83.7437,22.666199999999996,3954.11389,65.40107,1198.92617,523.2157,38.29572,65.22693,214.23004999999998,215.79681,324.02243,84.04596000000001,49.28912,21.80618,315.99971999999997,1851.9286500000003,123.61881,103.30857999999999,188.46623,44.47061,2724.36647,100.87401,60.40191,202.74501999999998,337.1143,98.61567,216.84953000000002,133.17369,3874.14063,33.358290000000004,46.68419,2.2838095502,0.0,7.268e-07,105.37784,62.703900000000004,48.635200000000005,8.16498,224.95461,438.96327044980035,12027.0,3940.1560600000003,748.23792,114.60822999999999,5.63814,386.12135,1518.6583
2021-01-01,2734.96878,627.2635,90.29383999999999,4.2196900489999996,3456.7507299999997,269.22888,145.23265,76.58069,273.63141,36.89977,532.34455,82.07373,28.23621,4368.63403,106.65995,1014.7444399999999,574.38755,36.50451,66.24815,229.75859,207.93137000000002,298.22422,173.87749000000002,56.51557,43.35033,350.58988999999997,2037.3876999999998,130.82519000000002,110.42703,232.85329000000002,87.67148,2845.8178,146.67767,65.09606,235.55560000000003,326.45884,115.46932000000001,287.73096,145.67276999999999,4168.47913,35.834360000000004,56.65155,3.6466283451,4.0899999999999996e-08,7.9780205322,47.20588,38.07021,46.913,10.91681,151.14121,502.86920165490073,12877.0,4349.90222,825.60851,176.78487,5.30818,464.78306000000003,1395.0358
2021-04-01,3043.8457,1083.23826,118.97143000000001,4.1408e-06,4246.469359999999,283.17192,159.70432,84.32664,407.58099,40.53521,692.14714,69.66293,18.30954,5309.76087,110.13719,1483.00071,607.2591299999999,38.263760000000005,86.00301,241.88042000000002,248.04930000000002,319.14816,172.80723,54.81973,52.209469999999996,387.37139,2207.81158,124.67518999999999,140.59593,431.08915,291.69417,2997.85371,154.32654,81.27013,290.67795,399.57692,121.82482999999999,313.77797999999996,217.13895000000002,4576.44702,36.03139,61.67975,5.75338,1.52e-08,5.8453e-06,86.66376,92.651,52.358019999999996,11.12354,243.38238,825.616480000001,15723.0,5329.5469299999995,1012.69348,382.24014999999997,3.59127,477.6967,2000.7188800000001
2021-07-01,3349.1168,690.76766,182.55481,1.3904599999999999e-05,4223.82971,270.54889000000003,181.93313999999998,99.31996,346.13802,53.052350000000004,680.44344,67.77132,55.69949,5298.29285,110.77959000000001,1851.02148,717.66382,60.395309999999995,102.38329999999999,264.36544000000004,302.59416,356.10567000000003,138.22388,65.22996,39.93265,406.71154,2453.60572,139.48014999999998,151.308,371.39576,183.64370000000002,3680.3715300000003,163.04936,84.67739,332.83708,412.72574999999995,125.63523,299.29337,232.0433,5330.63293,39.40976,68.77074999999999,7.744730000000001,8.76557,36.99004,230.15586000000002,108.40144,56.75443,35.8226,476.88995,1011.5047800000013,17355.0,5284.35987,1029.55891,555.03197,5.09539,490.6925,2307.93908
